source,target,year,quarter,log_git_pushes,weight
IL,US,2020,1,13.274273835521964,8.245277769256433
IL,FR,2020,1,13.274273835521964,4.71225174782441
IL,SK,2020,1,13.274273835521964,3.257662839268292
IL,IE,2020,1,13.274273835521964,3.3898844740107514
IL,CH,2020,1,13.274273835521964,3.0867937762061253
IL,RU,2020,1,13.274273835521964,4.992879658222653
IL,DE,2020,1,13.274273835521964,6.256531550312413
IL,PS,2020,1,13.274273835521964,3.357247544697729
IL,RO,2020,1,13.274273835521964,4.9101401811835
IL,HU,2020,1,13.274273835521964,3.7419617087008543
IL,AT,2020,1,13.274273835521964,3.313657108622867
IL,JP,2020,1,13.274273835521964,3.738730688119408
IL,VN,2020,1,13.274273835521964,4.490024646856914
IL,LT,2020,1,13.274273835521964,2.975202710797663
IL,CZ,2020,1,13.274273835521964,3.767440794001839
IL,BY,2020,1,13.274273835521964,2.9032292111725733
IL,SG,2020,1,13.274273835521964,2.8495764976802533
IL,ES,2020,1,13.274273835521964,4.378709200798675
IL,NZ,2020,1,13.274273835521964,2.6688285053337295
IL,UZ,2020,1,13.274273835521964,2.6688285053337295
IL,SE,2020,1,13.274273835521964,3.8633225657051216
IL,NL,2020,1,13.274273835521964,5.380018426440607
IL,PL,2020,1,13.274273835521964,3.8575918909961366
IL,AU,2020,1,13.274273835521964,3.877507200697078
IL,CA,2020,1,13.274273835521964,3.8547141911685214
IL,IT,2020,1,13.274273835521964,4.583250768942709
IL,UA,2020,1,13.274273835521964,5.642623800011135
IL,RS,2020,1,13.274273835521964,2.81757376659408
IL,BG,2020,1,13.274273835521964,3.592638069621912
IL,GB,2020,1,13.274273835521964,6.0027162342197595
IL,IN,2020,1,13.274273835521964,5.2936338122417865
IL,NO,2020,1,13.274273835521964,3.225745236299987
DE,GB,2020,1,15.102695104802777,6.126076939349591
DE,BR,2020,1,15.102695104802777,3.873163937236684
DE,IT,2020,1,15.102695104802777,3.8964446874139473
DE,IR,2020,1,15.102695104802777,3.312508468043166
DE,NL,2020,1,15.102695104802777,5.200147975269811
DE,EE,2020,1,15.102695104802777,1.9430616774958867
DE,ES,2020,1,15.102695104802777,4.927392687434412
DE,CA,2020,1,15.102695104802777,4.799861020557982
DE,AR,2020,1,15.102695104802777,2.398944597425435
DE,BY,2020,1,15.102695104802777,2.950967334453261
DE,IE,2020,1,15.102695104802777,3.080680471197971
DE,RU,2020,1,15.102695104802777,5.480660236135222
DE,ZA,2020,1,15.102695104802777,2.419903448446279
DE,MY,2020,1,15.102695104802777,2.3728894836781027
DE,LV,2020,1,15.102695104802777,2.049376391699395
DE,CL,2020,1,15.102695104802777,1.141632720403698
DE,LU,2020,1,15.102695104802777,2.224158871320183
DE,AT,2020,1,15.102695104802777,4.725299402082356
DE,PK,2020,1,15.102695104802777,0.8819244999943234
DE,TR,2020,1,15.102695104802777,3.071456731707387
DE,NG,2020,1,15.102695104802777,3.429751983859109
DE,TW,2020,1,15.102695104802777,1.933469277804447
DE,TH,2020,1,15.102695104802777,1.8050881111562402
DE,ID,2020,1,15.102695104802777,1.2942624873902497
DE,BA,2020,1,15.102695104802777,1.1883944863117373
DE,AU,2020,1,15.102695104802777,4.293641073097261
DE,CZ,2020,1,15.102695104802777,3.611353727773324
DE,VN,2020,1,15.102695104802777,2.125780927673488
DE,CH,2020,1,15.102695104802777,5.161364545893104
DE,EG,2020,1,15.102695104802777,1.5750716805542688
DE,CU,2020,1,15.102695104802777,2.153233632082178
DE,BG,2020,1,15.102695104802777,3.0837362413374487
DE,KR,2020,1,15.102695104802777,1.7163317505504492
DE,PT,2020,1,15.102695104802777,2.8626881284507
DE,NO,2020,1,15.102695104802777,3.850391889986508
DE,LT,2020,1,15.102695104802777,1.394128483730435
DE,MA,2020,1,15.102695104802777,1.0642460567882779
DE,PL,2020,1,15.102695104802777,4.295459255416319
DE,HU,2020,1,15.102695104802777,2.616931152629929
DE,JP,2020,1,15.102695104802777,3.6045801638304855
DE,HR,2020,1,15.102695104802777,2.3349102356128864
DE,BE,2020,1,15.102695104802777,3.661814092112607
DE,CO,2020,1,15.102695104802777,1.4735352613348458
DE,UA,2020,1,15.102695104802777,4.1563328966645
DE,FR,2020,1,15.102695104802777,5.502153149856616
DE,NZ,2020,1,15.102695104802777,2.3572397120109745
DE,SK,2020,1,15.102695104802777,1.7370732348572657
DE,PH,2020,1,15.102695104802777,1.0981476084639592
DE,IN,2020,1,15.102695104802777,4.97936770473706
DE,SI,2020,1,15.102695104802777,2.103669474066057
DE,HK,2020,1,15.102695104802777,2.245550061301501
DE,AM,2020,1,15.102695104802777,1.2758287857014117
DE,FI,2020,1,15.102695104802777,4.175203819847535
DE,RO,2020,1,15.102695104802777,3.1551162942917363
DE,US,2020,1,15.102695104802777,8.224212552110421
DE,MX,2020,1,15.102695104802777,1.4735352613348458
DE,IL,2020,1,15.102695104802777,3.871430534133216
DE,IS,2020,1,15.102695104802777,1.005057185397947
DE,RS,2020,1,15.102695104802777,0.9614365629220569
DE,KE,2020,1,15.102695104802777,2.1570946407396376
DE,SG,2020,1,15.102695104802777,2.533232133753282
DE,SE,2020,1,15.102695104802777,4.492656001975318
DE,DK,2020,1,15.102695104802777,3.510583122388683
DE,GR,2020,1,15.102695104802777,1.8738983175591146
DE,CN,2020,1,15.102695104802777,3.957168836476048
SI,US,2020,1,11.206278014631144,8.378814306215254
SI,CN,2020,1,11.206278014631144,4.505318137081567
SI,RU,2020,1,11.206278014631144,4.388453796942256
SI,DE,2020,1,11.206278014631144,6.597545241058375
SI,GB,2020,1,11.206278014631144,5.316248353297897
SI,MX,2020,1,11.206278014631144,4.661567453565747
SI,CZ,2020,1,11.206278014631144,5.433304908718914
SI,SE,2020,1,11.206278014631144,5.342056237253769
SI,NL,2020,1,11.206278014631144,4.90093094874672
SI,IT,2020,1,11.206278014631144,4.823771868200102
SI,TH,2020,1,11.206278014631144,6.096951424882161
NO,DE,2020,1,13.10647583614733,6.574973179678844
NO,FR,2020,1,13.10647583614733,6.308006361823539
NO,IN,2020,1,13.10647583614733,3.3657326667943153
NO,ES,2020,1,13.10647583614733,4.156677590630387
NO,NZ,2020,1,13.10647583614733,3.8543967187574535
NO,BE,2020,1,13.10647583614733,4.196256576911045
NO,PT,2020,1,13.10647583614733,3.5806230763518045
NO,IT,2020,1,13.10647583614733,4.996851645289739
NO,US,2020,1,13.10647583614733,7.997998189614869
NO,CH,2020,1,13.10647583614733,4.688401332033995
NO,BR,2020,1,13.10647583614733,3.249660495541561
NO,UA,2020,1,13.10647583614733,4.452863773088469
NO,DK,2020,1,13.10647583614733,3.9805480040843535
NO,PL,2020,1,13.10647583614733,5.262510127271984
NO,GB,2020,1,13.10647583614733,6.031818668797493
NO,CZ,2020,1,13.10647583614733,4.808614502543669
NO,LV,2020,1,13.10647583614733,4.187261014002467
NO,RO,2020,1,13.10647583614733,4.058879847354261
NO,SE,2020,1,13.10647583614733,5.820509575130286
NO,AT,2020,1,13.10647583614733,3.6238730601456215
NO,AU,2020,1,13.10647583614733,3.670393075780514
NO,CA,2020,1,13.10647583614733,4.626292945749715
NO,RU,2020,1,13.10647583614733,4.5987321461708435
NO,IL,2020,1,13.10647583614733,3.743418210795404
NO,NL,2020,1,13.10647583614733,5.163183671022159
NO,ID,2020,1,13.10647583614733,3.1943104004583964
NO,FI,2020,1,13.10647583614733,4.51335253456912
AU,FR,2020,1,13.928431124287767,5.181786899578113
AU,BE,2020,1,13.928431124287767,3.120965478524268
AU,SG,2020,1,13.928431124287767,3.3146723575433485
AU,PH,2020,1,13.928431124287767,3.4875151703827596
AU,PL,2020,1,13.928431124287767,3.9417424475315066
AU,IT,2020,1,13.928431124287767,3.534035186017652
AU,RU,2020,1,13.928431124287767,4.648790324538421
AU,VN,2020,1,13.928431124287767,2.3511625537318026
AU,DE,2020,1,13.928431124287767,5.594141163027748
AU,ES,2020,1,13.928431124287767,4.4749364050766385
AU,IL,2020,1,13.928431124287767,3.0079420901208733
AU,NL,2020,1,13.928431124287767,5.2007250357895485
AU,NZ,2020,1,13.928431124287767,5.411003998023913
AU,IE,2020,1,13.928431124287767,2.0959157570331755
AU,IN,2020,1,13.928431124287767,4.718114449824018
AU,CH,2020,1,13.928431124287767,4.407678464744859
AU,KR,2020,1,13.928431124287767,3.013623923588304
AU,ID,2020,1,13.928431124287767,3.1874105779324213
AU,JP,2020,1,13.928431124287767,4.384214892779744
AU,AR,2020,1,13.928431124287767,2.1970118739045446
AU,BG,2020,1,13.928431124287767,2.598194320220708
AU,GB,2020,1,13.928431124287767,6.165972471072436
AU,TW,2020,1,13.928431124287767,3.120965478524268
AU,CA,2020,1,13.928431124287767,4.923690894840248
AU,CN,2020,1,13.928431124287767,4.170914821393451
AU,MA,2020,1,13.928431124287767,1.7818848548846429
AU,FI,2020,1,13.928431124287767,3.0767450100449016
AU,BY,2020,1,13.928431124287767,2.7116762739777007
AU,LT,2020,1,13.928431124287767,2.896548852563261
AU,DK,2020,1,13.928431124287767,3.0552388048239383
AU,NO,2020,1,13.928431124287767,2.623619418586518
AU,TH,2020,1,13.928431124287767,2.9642670266182116
AU,NP,2020,1,13.928431124287767,2.0598107523910594
AU,MY,2020,1,13.928431124287767,3.3415612577596794
AU,US,2020,1,13.928431124287767,8.259529135377715
AU,CZ,2020,1,13.928431124287767,4.089312572354476
AU,BA,2020,1,13.928431124287767,2.102982924256268
AU,GR,2020,1,13.928431124287767,3.402905908408374
AU,SE,2020,1,13.928431124287767,3.532350265652733
AU,PT,2020,1,13.928431124287767,2.1775937880474427
AU,AT,2020,1,13.928431124287767,2.6484140771997344
AU,HK,2020,1,13.928431124287767,4.617380002554974
AU,KH,2020,1,13.928431124287767,3.7264070786651082
AU,BR,2020,1,13.928431124287767,3.199245035579424
AU,UA,2020,1,13.928431124287767,3.7538060528532227
AU,ZA,2020,1,13.928431124287767,3.3313047575924903
AU,KE,2020,1,13.928431124287767,1.7622763834962667
FR,IN,2020,1,14.893386663708721,4.410592077333432
FR,IE,2020,1,14.893386663708721,2.7696554978399615
FR,TR,2020,1,14.893386663708721,1.7585306632949673
FR,TN,2020,1,14.893386663708721,4.453582262264801
FR,IR,2020,1,14.893386663708721,3.2167803447007657
FR,EG,2020,1,14.893386663708721,1.4898638569566738
FR,CN,2020,1,14.893386663708721,3.565015387767002
FR,ID,2020,1,14.893386663708721,2.1587464155169878
FR,RS,2020,1,14.893386663708721,1.4829909776689116
FR,KR,2020,1,14.893386663708721,2.242829532727529
FR,CI,2020,1,14.893386663708721,1.3345709725506385
FR,MA,2020,1,14.893386663708721,2.5653804308301345
FR,BE,2020,1,14.893386663708721,4.235552909558819
FR,NO,2020,1,14.893386663708721,3.670977614020195
FR,NL,2020,1,14.893386663708721,4.6503556985868615
FR,HU,2020,1,14.893386663708721,2.894818640793967
FR,BG,2020,1,14.893386663708721,2.255650221156591
FR,UA,2020,1,14.893386663708721,3.561570078588089
FR,ZA,2020,1,14.893386663708721,3.741876376315087
FR,IL,2020,1,14.893386663708721,2.9391973279875168
FR,DK,2020,1,14.893386663708721,2.9278795030548554
FR,BY,2020,1,14.893386663708721,1.6936430410890924
FR,SE,2020,1,14.893386663708721,3.9956693187570567
FR,RU,2020,1,14.893386663708721,4.495478644063613
FR,MY,2020,1,14.893386663708721,1.9134290067084563
FR,GB,2020,1,14.893386663708721,6.191837503265502
FR,BR,2020,1,14.893386663708721,4.21061840315865
FR,DZ,2020,1,14.893386663708721,1.6537517120617902
FR,HR,2020,1,14.893386663708721,1.3890591578347085
FR,JP,2020,1,14.893386663708721,3.452271226347565
FR,RE,2020,1,14.893386663708721,1.6936430410890924
FR,AT,2020,1,14.893386663708721,3.6946699717452907
FR,PL,2020,1,14.893386663708721,3.998460277867079
FR,MX,2020,1,14.893386663708721,1.6936430410890924
FR,NG,2020,1,14.893386663708721,4.135747151642333
FR,NZ,2020,1,14.893386663708721,3.0429488328396426
FR,RO,2020,1,14.893386663708721,2.812532522196353
FR,DE,2020,1,14.893386663708721,6.4461249318772165
FR,ES,2020,1,14.893386663708721,5.064016388411236
FR,SK,2020,1,14.893386663708721,1.3582874991679548
FR,LT,2020,1,14.893386663708721,1.2937489780303832
FR,CH,2020,1,14.893386663708721,5.849115986924665
FR,SI,2020,1,14.893386663708721,2.0475207804067637
FR,HK,2020,1,14.893386663708721,2.951977054633916
FR,LU,2020,1,14.893386663708721,2.808876210993242
FR,AU,2020,1,14.893386663708721,4.142044096643922
FR,SG,2020,1,14.893386663708721,2.9551466293951947
FR,IS,2020,1,14.893386663708721,1.326538800853374
FR,IT,2020,1,14.893386663708721,4.30354850879581
FR,CA,2020,1,14.893386663708721,5.311782287957853
FR,AR,2020,1,14.893386663708721,3.089666457407102
FR,VN,2020,1,14.893386663708721,1.1976051174774813
FR,US,2020,1,14.893386663708721,8.129130677366092
FR,TW,2020,1,14.893386663708721,1.8095621433074132
FR,GR,2020,1,14.893386663708721,2.5175244096524994
FR,PE,2020,1,14.893386663708721,2.176138158228857
FR,CZ,2020,1,14.893386663708721,4.005680525840566
FR,PT,2020,1,14.893386663708721,2.7523640007299
FR,FI,2020,1,14.893386663708721,3.183340696495473
FR,TH,2020,1,14.893386663708721,2.4876714465028176
CH,JP,2020,1,13.51375390160755,4.739826420755335
CH,ZA,2020,1,13.51375390160755,2.539799936290443
CH,GB,2020,1,13.51375390160755,5.8495684848562455
CH,IL,2020,1,13.51375390160755,4.079162140098759
CH,FR,2020,1,13.51375390160755,6.322841068876533
CH,SG,2020,1,13.51375390160755,2.3267067208297343
CH,SE,2020,1,13.51375390160755,3.4760913348712674
CH,US,2020,1,13.51375390160755,8.165402445405732
CH,AT,2020,1,13.51375390160755,3.7452867454475935
CH,KR,2020,1,13.51375390160755,2.0137068403936635
CH,NZ,2020,1,13.51375390160755,2.732171828937899
CH,HK,2020,1,13.51375390160755,2.62217093372357
CH,IN,2020,1,13.51375390160755,3.9273561272307553
CH,HU,2020,1,13.51375390160755,3.0536512809729706
CH,RU,2020,1,13.51375390160755,4.536353818164511
CH,CN,2020,1,13.51375390160755,2.7729938234581537
CH,CY,2020,1,13.51375390160755,2.1787865907531123
CH,AR,2020,1,13.51375390160755,1.886261893825543
CH,PL,2020,1,13.51375390160755,3.3762162964901123
CH,TR,2020,1,13.51375390160755,2.320437107816139
CH,LU,2020,1,13.51375390160755,2.4610190584373286
CH,CZ,2020,1,13.51375390160755,3.960837245854206
CH,IT,2020,1,13.51375390160755,4.7045152350613675
CH,DK,2020,1,13.51375390160755,3.294165739278289
CH,GR,2020,1,13.51375390160755,3.0775330129763576
CH,VN,2020,1,13.51375390160755,2.7363298390865625
CH,BE,2020,1,13.51375390160755,2.693950616117701
CH,NO,2020,1,13.51375390160755,5.003868068898199
CH,NL,2020,1,13.51375390160755,4.96173810002844
CH,UY,2020,1,13.51375390160755,2.1787865907531123
CH,RO,2020,1,13.51375390160755,2.8610047007808674
CH,RE,2020,1,13.51375390160755,1.866653422437167
CH,ES,2020,1,13.51375390160755,4.329030959165139
CH,UA,2020,1,13.51375390160755,2.1035631695155246
CH,FI,2020,1,13.51375390160755,3.802613240639312
CH,SK,2020,1,13.51375390160755,2.5696528994401238
CH,BR,2020,1,13.51375390160755,2.7927964507543335
CH,PT,2020,1,13.51375390160755,2.0390246483779535
CH,DE,2020,1,13.51375390160755,6.716748027047753
CH,CO,2020,1,13.51375390160755,2.702571359161608
CH,AU,2020,1,13.51375390160755,3.9765665477627503
CH,RS,2020,1,13.51375390160755,3.145935739860758
CH,CA,2020,1,13.51375390160755,4.403801761628447
CN,GB,2020,1,15.532535345876926,4.526133283432581
CN,TH,2020,1,15.532535345876926,2.098855746481217
CN,KR,2020,1,15.532535345876926,4.012242703830971
CN,TR,2020,1,15.532535345876926,2.4122055656815755
CN,ES,2020,1,15.532535345876926,2.9908537857863275
CN,SE,2020,1,15.532535345876926,2.8388865129400127
CN,BR,2020,1,15.532535345876926,2.5638468339034084
CN,NL,2020,1,15.532535345876926,3.4211447776251953
CN,AT,2020,1,15.532535345876926,2.1758167876173453
CN,HK,2020,1,15.532535345876926,7.197111121158366
CN,NZ,2020,1,15.532535345876926,3.066599759944288
CN,IN,2020,1,15.532535345876926,3.835806979214277
CN,CH,2020,1,15.532535345876926,2.8615289896897727
CN,CZ,2020,1,15.532535345876926,2.3764874830794964
CN,JP,2020,1,15.532535345876926,6.260111013985945
CN,TW,2020,1,15.532535345876926,4.304048493466613
CN,DE,2020,1,15.532535345876926,5.0792713159233145
CN,CA,2020,1,15.532535345876926,4.246890079626665
CN,PL,2020,1,15.532535345876926,2.0908235747839528
CN,UA,2020,1,15.532535345876926,3.0071143066581083
CN,IL,2020,1,15.532535345876926,2.850271835165138
CN,US,2020,1,15.532535345876926,8.114173529611358
CN,NG,2020,1,15.532535345876926,3.1313282326447816
CN,RU,2020,1,15.532535345876926,4.090558373853046
CN,IT,2020,1,15.532535345876926,3.3775648969211702
CN,SG,2020,1,15.532535345876926,5.315489058796638
CN,FR,2020,1,15.532535345876926,5.50111922632537
CN,PH,2020,1,15.532535345876926,2.1758167876173453
CN,IE,2020,1,15.532535345876926,2.7042640127331556
CN,AU,2020,1,15.532535345876926,5.4011899773395005
BR,CZ,2020,1,14.744114371750092,4.8237952426961295
BR,PH,2020,1,14.744114371750092,3.754967515385547
BR,IE,2020,1,14.744114371750092,2.959715111888448
BR,RU,2020,1,14.744114371750092,4.281470951870768
BR,IT,2020,1,14.744114371750092,5.590164066967106
BR,PL,2020,1,14.744114371750092,4.187892604911202
BR,CL,2020,1,14.744114371750092,2.791296460263485
BR,CA,2020,1,14.744114371750092,5.229777013176934
BR,NL,2020,1,14.744114371750092,4.537662357231178
BR,NZ,2020,1,14.744114371750092,2.678677582155336
BR,GB,2020,1,14.744114371750092,5.631101328619067
BR,HU,2020,1,14.744114371750092,2.892506362194998
BR,ES,2020,1,14.744114371750092,5.039781458337126
BR,KR,2020,1,14.744114371750092,2.397596193734907
BR,UY,2020,1,14.744114371750092,3.166729281272774
BR,EE,2020,1,14.744114371750092,4.086266769245799
BR,FR,2020,1,14.744114371750092,5.366209668273005
BR,BE,2020,1,14.744114371750092,2.797196182390673
BR,NG,2020,1,14.744114371750092,4.079762681276622
BR,IN,2020,1,14.744114371750092,5.674409855709326
BR,PE,2020,1,14.744114371750092,2.505584831799003
BR,DE,2020,1,14.744114371750092,5.976229924624968
BR,TH,2020,1,14.744114371750092,3.186850684472195
BR,CH,2020,1,14.744114371750092,3.032035773468074
BR,MX,2020,1,14.744114371750092,3.4604903998009373
BR,US,2020,1,14.744114371750092,8.206949688207168
BR,RO,2020,1,14.744114371750092,2.343528972464631
BR,CN,2020,1,14.744114371750092,3.2411275713266336
BR,HT,2020,1,14.744114371750092,2.343528972464631
BR,AR,2020,1,14.744114371750092,4.474842344851307
BR,CO,2020,1,14.744114371750092,2.730301947560643
BR,HR,2020,1,14.744114371750092,2.397596193734907
BR,ZA,2020,1,14.744114371750092,4.176110436212941
BR,SE,2020,1,14.744114371750092,3.9511133162494088
BR,FI,2020,1,14.744114371750092,3.5775998079478466
BR,UA,2020,1,14.744114371750092,2.9941165386057804
BR,PT,2020,1,14.744114371750092,3.2854152515277497
BR,AU,2020,1,14.744114371750092,4.186427403183874
BR,JP,2020,1,14.744114371750092,3.88397401341178
BR,GR,2020,1,14.744114371750092,3.720520940922208
BR,HK,2020,1,14.744114371750092,2.6030401679497155
IE,UA,2020,1,12.788659704770575,5.1111380158172395
IE,RO,2020,1,12.788659704770575,4.278866139996261
IE,NL,2020,1,12.788659704770575,4.709649056088715
IE,IT,2020,1,12.788659704770575,5.101530255762066
IE,BR,2020,1,12.788659704770575,4.174725880743663
IE,DE,2020,1,12.788659704770575,6.043709831261413
IE,FR,2020,1,12.788659704770575,4.862778806781866
IE,US,2020,1,12.788659704770575,8.21749184187157
IE,GB,2020,1,12.788659704770575,6.358307681676097
IE,SE,2020,1,12.788659704770575,2.8204342507099467
IE,FI,2020,1,12.788659704770575,4.51293876184266
IE,RU,2020,1,12.788659704770575,5.257632827821638
IE,AT,2020,1,12.788659704770575,2.667595046480499
IE,JP,2020,1,12.788659704770575,3.8168888216247536
IE,LV,2020,1,12.788659704770575,2.851444487452507
IE,CZ,2020,1,12.788659704770575,4.182823090976283
IE,CH,2020,1,12.788659704770575,4.08327005199361
IE,ES,2020,1,12.788659704770575,4.545728584665651
IE,AU,2020,1,12.788659704770575,3.19660298932968
IE,BG,2020,1,12.788659704770575,4.647013485097229
IE,NG,2020,1,12.788659704770575,4.515833119869025
IE,IN,2020,1,12.788659704770575,4.853543235748784
IE,TH,2020,1,12.788659704770575,3.129538758749135
IE,CA,2020,1,12.788659704770575,3.9294904985391397
IE,IL,2020,1,12.788659704770575,4.280695966673337
IE,DK,2020,1,12.788659704770575,2.7211792926146057
IE,SG,2020,1,12.788659704770575,3.760072346581093
IE,PL,2020,1,12.788659704770575,4.541512134286717
IE,NO,2020,1,12.788659704770575,3.6252214024125617
IE,GR,2020,1,12.788659704770575,2.8282774281709724
AT,IT,2020,1,12.837533234333165,4.889897344071614
AT,CA,2020,1,12.837533234333165,4.750851349462853
AT,DK,2020,1,12.837533234333165,2.927741350350722
AT,PL,2020,1,12.837533234333165,4.063858034477286
AT,IE,2020,1,12.837533234333165,2.8202554353805818
AT,FR,2020,1,12.837533234333165,4.689326116456564
AT,TR,2020,1,12.837533234333165,2.8953760658486902
AT,NO,2020,1,12.837533234333165,2.7618446732241675
AT,NL,2020,1,12.837533234333165,5.5414575404759905
AT,DE,2020,1,12.837533234333165,7.480007827592619
AT,SE,2020,1,12.837533234333165,4.2379659927338516
AT,GB,2020,1,12.837533234333165,5.609983667497059
AT,RU,2020,1,12.837533234333165,4.199432328731609
AT,HU,2020,1,12.837533234333165,3.814294920129115
AT,BN,2020,1,12.837533234333165,2.952899909986877
AT,CN,2020,1,12.837533234333165,3.67058819946294
AT,JP,2020,1,12.837533234333165,3.6614557158996672
AT,RO,2020,1,12.837533234333165,3.4587442034026634
AT,FI,2020,1,12.837533234333165,3.2513928985428735
AT,BD,2020,1,12.837533234333165,2.983483333358957
AT,ES,2020,1,12.837533234333165,3.9983647291165987
AT,UY,2020,1,12.837533234333165,4.244815334579426
AT,US,2020,1,12.837533234333165,7.974079827694199
AT,AU,2020,1,12.837533234333165,3.624068183828047
AT,IN,2020,1,12.837533234333165,4.067939672796935
AT,CH,2020,1,12.837533234333165,5.2436135733402
AT,CZ,2020,1,12.837533234333165,3.9559949580775853
AT,RS,2020,1,12.837533234333165,2.6917771106074504
AT,SK,2020,1,12.837533234333165,2.607693993396909
AT,SI,2020,1,12.837533234333165,3.018990021815867
AT,PK,2020,1,12.837533234333165,3.4699175040007884
AT,BR,2020,1,12.837533234333165,3.3645569883429625
AT,IL,2020,1,12.837533234333165,3.7713928985849052
AT,BE,2020,1,12.837533234333165,3.862960092110396
GB,GR,2020,1,15.196914982809579,2.8292072668262533
GB,CA,2020,1,15.196914982809579,4.720527815399602
GB,MX,2020,1,15.196914982809579,1.2067235095588527
GB,ES,2020,1,15.196914982809579,4.513166112708383
GB,NG,2020,1,15.196914982809579,3.7173897889055345
GB,IE,2020,1,15.196914982809579,3.615577796146943
GB,MG,2020,1,15.196914982809579,1.2750427535363302
GB,AU,2020,1,15.196914982809579,4.277357091285961
GB,AT,2020,1,15.196914982809579,2.719739513335938
GB,RS,2020,1,15.196914982809579,2.2338144803866524
GB,BA,2020,1,15.196914982809579,0.987360681084549
GB,SG,2020,1,15.196914982809579,2.196977903030162
GB,AR,2020,1,15.196914982809579,2.1209919960522403
GB,IL,2020,1,15.196914982809579,4.343753655576018
GB,SE,2020,1,15.196914982809579,4.003635226938854
GB,KG,2020,1,15.196914982809579,3.1712188969175052
GB,RO,2020,1,15.196914982809579,3.105357499275949
GB,MT,2020,1,15.196914982809579,1.8820358224827638
GB,AE,2020,1,15.196914982809579,1.4237880147966804
GB,KE,2020,1,15.196914982809579,2.450790771086667
GB,MA,2020,1,15.196914982809579,1.4359093753290253
GB,NP,2020,1,15.196914982809579,1.2655640095817864
GB,AM,2020,1,15.196914982809579,1.4478855663757408
GB,US,2020,1,15.196914982809579,8.364297710782267
GB,HU,2020,1,15.196914982809579,2.5101302108729757
GB,RW,2020,1,15.196914982809579,1.2607907308291284
GB,CL,2020,1,15.196914982809579,0.6458442975766583
GB,RU,2020,1,15.196914982809579,4.353571559244948
GB,NZ,2020,1,15.196914982809579,3.366790339761793
GB,LU,2020,1,15.196914982809579,0.6720466699706824
GB,LK,2020,1,15.196914982809579,0.7626435653229091
GB,ZA,2020,1,15.196914982809579,3.272178809263949
GB,TR,2020,1,15.196914982809579,2.232004525141413
GB,PR,2020,1,15.196914982809579,1.5814169590002636
GB,NL,2020,1,15.196914982809579,4.987348487256126
GB,PK,2020,1,15.196914982809579,1.2463326476538987
GB,CY,2020,1,15.196914982809579,0.5818955729763848
GB,CZ,2020,1,15.196914982809579,3.5743204964803743
GB,EE,2020,1,15.196914982809579,2.1509044954148404
GB,BY,2020,1,15.196914982809579,1.455790745882854
GB,TH,2020,1,15.196914982809579,1.3521784824185574
GB,PH,2020,1,15.196914982809579,1.0659509556777707
GB,MK,2020,1,15.196914982809579,0.9088890656430539
GB,LV,2020,1,15.196914982809579,1.8400348985081334
GB,PL,2020,1,15.196914982809579,4.280631948013946
GB,CN,2020,1,15.196914982809579,3.3725975570109963
GB,MY,2020,1,15.196914982809579,1.6898976019943337
GB,EG,2020,1,15.196914982809579,0.5912853133262237
GB,BD,2020,1,15.196914982809579,1.2117613035888102
GB,ID,2020,1,15.196914982809579,2.228374757090834
GB,IS,2020,1,15.196914982809579,1.2117613035888102
GB,DE,2020,1,15.196914982809579,6.23910711725442
GB,JP,2020,1,15.196914982809579,3.3227355969015857
GB,BR,2020,1,15.196914982809579,3.6059952450659467
GB,KR,2020,1,15.196914982809579,1.6387682554717293
GB,TW,2020,1,15.196914982809579,2.0210150734778867
GB,CH,2020,1,15.196914982809579,4.13912864916157
GB,IT,2020,1,15.196914982809579,3.8529699427465807
GB,IR,2020,1,15.196914982809579,2.8547992146983674
GB,HR,2020,1,15.196914982809579,1.2750427535363302
GB,UA,2020,1,15.196914982809579,3.2376589376321663
GB,PT,2020,1,15.196914982809579,2.8577104249058256
GB,SK,2020,1,15.196914982809579,2.265845688520328
GB,BE,2020,1,15.196914982809579,3.2005301369577825
GB,CO,2020,1,15.196914982809579,0.8600989014736218
GB,FR,2020,1,15.196914982809579,5.313365880174935
GB,IN,2020,1,15.196914982809579,4.824849885922684
GB,DK,2020,1,15.196914982809579,3.6928919891672756
GB,NO,2020,1,15.196914982809579,3.7058385053490186
GB,BG,2020,1,15.196914982809579,3.4832134917700466
GB,LT,2020,1,15.196914982809579,1.5568111481980633
GB,HK,2020,1,15.196914982809579,2.750410044430173
GB,SI,2020,1,15.196914982809579,1.3389914781366037
GB,FI,2020,1,15.196914982809579,2.1209919960522403
SG,VN,2020,1,13.273345614442457,4.7307570861492865
SG,IT,2020,1,13.273345614442457,2.573658252818844
SG,US,2020,1,13.273345614442457,8.10648792906892
SG,DE,2020,1,13.273345614442457,5.254194756666102
SG,ID,2020,1,13.273345614442457,5.235216531724941
SG,GB,2020,1,13.273345614442457,5.213979006480875
SG,LK,2020,1,13.273345614442457,2.4906613332478766
SG,MY,2020,1,13.273345614442457,5.398507721667305
SG,CH,2020,1,13.273345614442457,4.830060399364639
SG,AR,2020,1,13.273345614442457,3.724006215886143
SG,PH,2020,1,13.273345614442457,3.2215488417906686
SG,TZ,2020,1,13.273345614442457,3.2444331356242566
SG,HK,2020,1,13.273345614442457,5.247501698519518
SG,NL,2020,1,13.273345614442457,3.573118181693701
SG,KE,2020,1,13.273345614442457,2.5824688825009994
SG,FR,2020,1,13.273345614442457,5.32613456527153
SG,UA,2020,1,13.273345614442457,3.789069809233205
SG,AT,2020,1,13.273345614442457,2.8020974917077646
SG,CN,2020,1,13.273345614442457,6.957342804424018
SG,TH,2020,1,13.273345614442457,3.375699521617927
SG,TW,2020,1,13.273345614442457,2.7589253198425556
SG,IL,2020,1,13.273345614442457,3.3992300190281215
SG,IN,2020,1,13.273345614442457,5.556923757607706
SG,AU,2020,1,13.273345614442457,4.22977706899051
SG,RU,2020,1,13.273345614442457,4.020056538008441
SG,ES,2020,1,13.273345614442457,3.2579164859615437
SG,JP,2020,1,13.273345614442457,4.9471223430505535
SG,SE,2020,1,13.273345614442457,3.07737905096109
SG,CA,2020,1,13.273345614442457,3.910055642794112
SE,CH,2020,1,13.629172546002277,4.230896675130706
SE,PL,2020,1,13.629172546002277,4.139490208806856
SE,IN,2020,1,13.629172546002277,4.2680090596078335
SE,DE,2020,1,13.629172546002277,6.498455635237009
SE,HU,2020,1,13.629172546002277,2.712373853166709
SE,TW,2020,1,13.629172546002277,2.631834990682697
SE,CA,2020,1,13.629172546002277,5.34845055464383
SE,ZA,2020,1,13.629172546002277,3.2088107394806005
SE,NL,2020,1,13.629172546002277,4.695016011490753
SE,UG,2020,1,13.629172546002277,2.2797577559925943
SE,JP,2020,1,13.629172546002277,3.164358976909767
SE,CZ,2020,1,13.629172546002277,2.3759016165454963
SE,GB,2020,1,13.629172546002277,6.134579173416205
SE,RU,2020,1,13.629172546002277,4.964292021978463
SE,ES,2020,1,13.629172546002277,4.9259976173020465
SE,GE,2020,1,13.629172546002277,2.242370223920974
SE,FI,2020,1,13.629172546002277,4.581424996696411
SE,BG,2020,1,13.629172546002277,2.7757956796042054
SE,EE,2020,1,13.629172546002277,2.935517404480919
SE,NO,2020,1,13.629172546002277,5.836677321210351
SE,FR,2020,1,13.629172546002277,5.247581241429509
SE,MT,2020,1,13.629172546002277,2.5156635589206555
SE,IL,2020,1,13.629172546002277,4.215127623012475
SE,BE,2020,1,13.629172546002277,3.734739131432348
SE,DK,2020,1,13.629172546002277,4.915533166022744
SE,AU,2020,1,13.629172546002277,4.048314328140986
SE,VN,2020,1,13.629172546002277,3.1567543775245475
SE,AT,2020,1,13.629172546002277,2.901615852805238
SE,US,2020,1,13.629172546002277,8.142502383593849
SE,UA,2020,1,13.629172546002277,4.39744917980643
SE,CN,2020,1,13.629172546002277,3.311994975715831
SE,BR,2020,1,13.629172546002277,3.141369458685068
SE,IT,2020,1,13.629172546002277,4.254093591545859
SE,GR,2020,1,13.629172546002277,2.2797577559925943
BE,IN,2020,1,13.164130844824186,4.490645132480802
BE,FI,2020,1,13.164130844824186,2.4999817527024817
BE,PL,2020,1,13.164130844824186,3.514227002634052
BE,FR,2020,1,13.164130844824186,6.0910235638215795
BE,NP,2020,1,13.164130844824186,3.254324494289347
BE,DE,2020,1,13.164130844824186,6.615460626998557
BE,CH,2020,1,13.164130844824186,5.134172892666568
BE,NO,2020,1,13.164130844824186,3.324838278617005
BE,ES,2020,1,13.164130844824186,5.97748072282257
BE,GB,2020,1,13.164130844824186,5.968747042853815
BE,PT,2020,1,13.164130844824186,3.4297731717955395
BE,DK,2020,1,13.164130844824186,2.725065168834518
BE,EG,2020,1,13.164130844824186,5.297736572389965
BE,ZA,2020,1,13.164130844824186,3.3583142078133945
BE,IT,2020,1,13.164130844824186,3.8911187382981605
BE,CZ,2020,1,13.164130844824186,3.3786815106378283
BE,CA,2020,1,13.164130844824186,4.60577212407907
BE,AU,2020,1,13.164130844824186,3.996479253955987
BE,AR,2020,1,13.164130844824186,2.717283028392463
BE,LU,2020,1,13.164130844824186,3.714577544419705
BE,IL,2020,1,13.164130844824186,4.770003534434684
BE,NL,2020,1,13.164130844824186,5.969654072394459
BE,SE,2020,1,13.164130844824186,4.299799283260299
BE,IE,2020,1,13.164130844824186,3.133110923536174
BE,US,2020,1,13.164130844824186,7.952560749926665
BE,GR,2020,1,13.164130844824186,2.9086778813920926
BE,SI,2020,1,13.164130844824186,2.989216743876105
BE,BG,2020,1,13.164130844824186,3.425934395488374
BE,JP,2020,1,13.164130844824186,5.325167530713951
BE,RO,2020,1,13.164130844824186,2.9341569666930774
BE,BR,2020,1,13.164130844824186,3.5106996621160835
BE,RU,2020,1,13.164130844824186,3.620994978059758
RS,HU,2020,1,12.069273061036967,5.9093697322683045
RS,NG,2020,1,12.069273061036967,4.263215804295932
RS,CZ,2020,1,12.069273061036967,4.085760437153151
RS,PK,2020,1,12.069273061036967,5.023185481101279
RS,US,2020,1,12.069273061036967,7.730474936636179
RS,DE,2020,1,12.069273061036967,6.450453916431475
RS,FR,2020,1,12.069273061036967,4.474911969769791
RS,IT,2020,1,12.069273061036967,5.034527757705214
RS,UA,2020,1,12.069273061036967,5.011713079939042
RS,CA,2020,1,12.069273061036967,5.144763587726214
RS,GB,2020,1,12.069273061036967,5.626898719029276
RS,DK,2020,1,12.069273061036967,4.592695005426174
RS,AT,2020,1,12.069273061036967,4.569025261340269
RS,ZA,2020,1,12.069273061036967,5.5007649041554725
RS,RU,2020,1,12.069273061036967,4.303061712843132
RS,IN,2020,1,12.069273061036967,5.683479465474037
RS,NL,2020,1,12.069273061036967,5.944785288775201
RS,AL,2020,1,12.069273061036967,5.62273204633443
RS,CH,2020,1,12.069273061036967,4.884753452477754
RS,BA,2020,1,12.069273061036967,5.467188608621868
RS,AU,2020,1,12.069273061036967,4.221716073389179
RS,BG,2020,1,12.069273061036967,4.204621640029879
RS,IL,2020,1,12.069273061036967,5.530964644019105
RS,PL,2020,1,12.069273061036967,4.434638070631851
HK,CA,2020,1,13.516396724550074,3.8584193520901184
HK,PH,2020,1,13.516396724550074,2.4934547577765622
HK,HU,2020,1,13.516396724550074,4.144856869309695
HK,FI,2020,1,13.516396724550074,2.091231143592569
HK,RO,2020,1,13.516396724550074,3.0549241143613077
HK,IN,2020,1,13.516396724550074,4.670270463481574
HK,IL,2020,1,13.516396724550074,2.192700603757429
HK,NL,2020,1,13.516396724550074,3.2825022627433835
HK,CN,2020,1,13.516396724550074,8.276060415569667
HK,AU,2020,1,13.516396724550074,4.607987619267669
HK,TW,2020,1,13.516396724550074,3.800382589489264
HK,DE,2020,1,13.516396724550074,4.495285696751474
HK,MY,2020,1,13.516396724550074,2.6982491704225753
HK,KR,2020,1,13.516396724550074,3.0399984641446323
HK,CH,2020,1,13.516396724550074,2.138633382487153
HK,NZ,2020,1,13.516396724550074,2.75481952191097
HK,ID,2020,1,13.516396724550074,2.708775583409563
HK,SE,2020,1,13.516396724550074,2.227186779828598
HK,RU,2020,1,13.516396724550074,3.5701843351951643
HK,JP,2020,1,13.516396724550074,5.629513467087905
HK,GB,2020,1,13.516396724550074,4.7589985790902585
HK,TR,2020,1,13.516396724550074,4.071227755566694
HK,IT,2020,1,13.516396724550074,2.7988364073277445
HK,ES,2020,1,13.516396724550074,3.6028314130318306
HK,US,2020,1,13.516396724550074,7.334518041925392
HK,SG,2020,1,13.516396724550074,4.154770209478346
HK,FR,2020,1,13.516396724550074,3.350904989627784
PL,RS,2020,1,14.157900251849524,3.430150047824106
PL,JP,2020,1,14.157900251849524,2.7712360389064026
PL,UA,2020,1,14.157900251849524,4.330055193234853
PL,NO,2020,1,14.157900251849524,5.09600904687581
PL,CN,2020,1,14.157900251849524,2.9335946991514907
PL,FI,2020,1,14.157900251849524,3.8216989836769297
PL,BE,2020,1,14.157900251849524,3.464383219466348
PL,IT,2020,1,14.157900251849524,4.114134315462532
PL,HK,2020,1,14.157900251849524,2.5416615972619025
PL,GB,2020,1,14.157900251849524,6.55818991405523
PL,ES,2020,1,14.157900251849524,4.228657744041877
PL,PT,2020,1,14.157900251849524,1.71036407822114
PL,GR,2020,1,14.157900251849524,2.8775576310437794
PL,TR,2020,1,14.157900251849524,2.2909230400018057
PL,FR,2020,1,14.157900251849524,5.185029897772571
PL,EE,2020,1,14.157900251849524,2.3800909845729867
PL,CA,2020,1,14.157900251849524,3.7580569215863955
PL,BR,2020,1,14.157900251849524,3.3067542752627648
PL,RO,2020,1,14.157900251849524,3.354382324252019
PL,DE,2020,1,14.157900251849524,6.5782545906352645
PL,IL,2020,1,14.157900251849524,5.011331791807812
PL,BY,2020,1,14.157900251849524,2.911555239585199
PL,NL,2020,1,14.157900251849524,5.024550082893666
PL,RU,2020,1,14.157900251849524,5.632704050620219
PL,IE,2020,1,14.157900251849524,3.6157828659217164
PL,AT,2020,1,14.157900251849524,2.630351671976621
PL,AU,2020,1,14.157900251849524,4.617062729404734
PL,KR,2020,1,14.157900251849524,3.5920883776290475
PL,AZ,2020,1,14.157900251849524,2.5496937689591666
PL,CZ,2020,1,14.157900251849524,3.898286262895046
PL,TZ,2020,1,14.157900251849524,2.078088858346457
PL,MG,2020,1,14.157900251849524,1.781823042203285
PL,HU,2020,1,14.157900251849524,3.879417778590663
PL,LU,2020,1,14.157900251849524,1.6433533679381798
PL,SE,2020,1,14.157900251849524,4.249337949279416
PL,AR,2020,1,14.157900251849524,2.2377190039383414
PL,IN,2020,1,14.157900251849524,4.841015669674501
PL,TH,2020,1,14.157900251849524,3.771113486888823
PL,DK,2020,1,14.157900251849524,3.8591070857430996
PL,NZ,2020,1,14.157900251849524,1.940887736832972
PL,CH,2020,1,14.157900251849524,4.491022008509368
PL,US,2020,1,14.157900251849524,8.047746848554945
PT,IT,2020,1,12.755681386718399,4.477054741429427
PT,GR,2020,1,12.755681386718399,3.594250192585313
PT,ES,2020,1,12.755681386718399,6.166279770481359
PT,UA,2020,1,12.755681386718399,3.9086797734041223
PT,CZ,2020,1,12.755681386718399,3.307905912975192
PT,RU,2020,1,12.755681386718399,4.9130565733976725
PT,FR,2020,1,12.755681386718399,5.557789458990131
PT,PL,2020,1,12.755681386718399,3.3132392589505546
PT,CA,2020,1,12.755681386718399,4.188264635623284
PT,FI,2020,1,12.755681386718399,4.973491627743318
PT,PK,2020,1,12.755681386718399,3.120222413039852
PT,IL,2020,1,12.755681386718399,4.39936253604789
PT,TR,2020,1,12.755681386718399,2.8474819205862705
PT,AU,2020,1,12.755681386718399,3.280803983197401
PT,RO,2020,1,12.755681386718399,4.360931457191407
PT,CH,2020,1,12.755681386718399,5.647755879289615
PT,IN,2020,1,12.755681386718399,3.8849397861010493
PT,US,2020,1,12.755681386718399,7.956913862333494
PT,BR,2020,1,12.755681386718399,5.19400279928495
PT,ZA,2020,1,12.755681386718399,3.4095160893859746
PT,AT,2020,1,12.755681386718399,3.394917289964822
PT,NL,2020,1,12.755681386718399,5.259908997863887
PT,HR,2020,1,12.755681386718399,2.7402363902326727
PT,GB,2020,1,12.755681386718399,6.42557183591188
PT,DK,2020,1,12.755681386718399,2.7115262843502412
PT,SE,2020,1,12.755681386718399,3.4658690259371063
PT,CN,2020,1,12.755681386718399,2.944331746576188
PT,TH,2020,1,12.755681386718399,3.656527122106828
PT,BE,2020,1,12.755681386718399,4.0480591359110685
PT,NG,2020,1,12.755681386718399,3.9573302825213057
PT,DE,2020,1,12.755681386718399,6.556496283109262
NG,CA,2020,1,12.51446869457906,6.205655277141441
NG,BJ,2020,1,12.51446869457906,4.512986710557616
NG,IN,2020,1,12.51446869457906,6.052083133633472
NG,NL,2020,1,12.51446869457906,5.414068023768243
NG,DE,2020,1,12.51446869457906,5.945372178877774
NG,ZA,2020,1,12.51446869457906,5.002839210943328
NG,KE,2020,1,12.51446869457906,5.701750096220024
NG,US,2020,1,12.51446869457906,8.018034033572231
NG,ES,2020,1,12.51446869457906,5.048044647711375
NG,UG,2020,1,12.51446869457906,4.949414044269748
NG,MX,2020,1,12.51446869457906,5.085989579275498
NG,GB,2020,1,12.51446869457906,6.891833788385292
NG,GH,2020,1,12.51446869457906,5.101821044492179
RO,RU,2020,1,12.80146641402313,4.456702370728391
RO,PT,2020,1,12.80146641402313,3.699839375782338
RO,TH,2020,1,12.80146641402313,3.191516882234466
RO,VN,2020,1,12.80146641402313,3.3474516838552257
RO,UG,2020,1,12.80146641402313,4.602503855944728
RO,GB,2020,1,12.80146641402313,6.877736552256696
RO,AU,2020,1,12.80146641402313,3.725814862185599
RO,DK,2020,1,12.80146641402313,3.3580900820602815
RO,SE,2020,1,12.80146641402313,4.254070121086873
RO,ES,2020,1,12.80146641402313,2.8348419382957335
RO,HU,2020,1,12.80146641402313,3.8496843438983848
RO,IL,2020,1,12.80146641402313,2.751072055230275
RO,FR,2020,1,12.80146641402313,5.436207996809609
RO,BE,2020,1,12.80146641402313,4.829299267677709
RO,US,2020,1,12.80146641402313,8.088143259718855
RO,CO,2020,1,12.80146641402313,4.232235192483673
RO,DE,2020,1,12.80146641402313,6.60266459474979
RO,NL,2020,1,12.80146641402313,5.154249030447821
RO,RS,2020,1,12.80146641402313,3.9742762214840983
RO,CH,2020,1,12.80146641402313,4.479371170541104
RO,CA,2020,1,12.80146641402313,3.486981095128302
RO,UA,2020,1,12.80146641402313,3.3686164950472692
RO,IT,2020,1,12.80146641402313,3.2162094948248376
RO,AT,2020,1,12.80146641402313,2.869933258107004
RO,IR,2020,1,12.80146641402313,2.807690949229783
RO,PL,2020,1,12.80146641402313,3.684687570761736
RO,MD,2020,1,12.80146641402313,3.1789381000276062
RO,IE,2020,1,12.80146641402313,4.0876049067911016
RO,CZ,2020,1,12.80146641402313,3.8689157058262724
RO,IN,2020,1,12.80146641402313,5.374755217595945
UA,DK,2020,1,14.02688188779001,3.61913089697903
UA,TN,2020,1,14.02688188779001,3.1171214512225123
UA,NL,2020,1,14.02688188779001,5.086051651765972
UA,IE,2020,1,14.02688188779001,2.3625656425339234
UA,ES,2020,1,14.02688188779001,4.4294284020068995
UA,RO,2020,1,14.02688188779001,4.239482920102285
UA,ZA,2020,1,14.02688188779001,2.457875822338248
UA,RU,2020,1,14.02688188779001,6.621199787943137
UA,GR,2020,1,14.02688188779001,2.4935939049403273
UA,CL,2020,1,14.02688188779001,2.650247714985704
UA,CA,2020,1,14.02688188779001,4.713940899697401
UA,CH,2020,1,14.02688188779001,4.023963293898735
UA,BE,2020,1,14.02688188779001,4.182804583083847
UA,IT,2020,1,14.02688188779001,3.365645504480469
UA,KZ,2020,1,14.02688188779001,2.2117427527993394
UA,CN,2020,1,14.02688188779001,3.6905244266408506
UA,TH,2020,1,14.02688188779001,3.110832122314948
UA,SE,2020,1,14.02688188779001,4.941771860620325
UA,NO,2020,1,14.02688188779001,3.4500046306039076
UA,BY,2020,1,14.02688188779001,4.317010694039074
UA,JP,2020,1,14.02688188779001,3.380208868668366
UA,CZ,2020,1,14.02688188779001,3.4409752238845135
UA,SG,2020,1,14.02688188779001,2.1394220912197137
UA,FR,2020,1,14.02688188779001,5.320249848450384
UA,PK,2020,1,14.02688188779001,3.365645504480469
UA,IL,2020,1,14.02688188779001,6.023559893158324
UA,EE,2020,1,14.02688188779001,4.037791295506027
UA,KR,2020,1,14.02688188779001,3.586341074156039
UA,AE,2020,1,14.02688188779001,2.6249299070014143
UA,IN,2020,1,14.02688188779001,4.666483180761747
UA,EG,2020,1,14.02688188779001,2.5722861735159923
UA,AU,2020,1,14.02688188779001,5.179171250190479
UA,BG,2020,1,14.02688188779001,2.9902850177714133
UA,US,2020,1,14.02688188779001,7.915240949326243
UA,AT,2020,1,14.02688188779001,3.126481893982076
UA,NZ,2020,1,14.02688188779001,2.5337138987297525
UA,BR,2020,1,14.02688188779001,2.8115158625818264
UA,HK,2020,1,14.02688188779001,2.8283939003691785
UA,PL,2020,1,14.02688188779001,4.224058449776654
UA,DE,2020,1,14.02688188779001,6.444500184679343
UA,FI,2020,1,14.02688188779001,3.456723580852653
UA,GB,2020,1,14.02688188779001,5.629596509289171
AR,IN,2020,1,12.988104863348221,4.406228252312446
AR,VE,2020,1,12.988104863348221,3.901806065581662
AR,DE,2020,1,12.988104863348221,5.915289639469701
AR,UA,2020,1,12.988104863348221,4.85567950860486
AR,IL,2020,1,12.988104863348221,3.142700917229919
AR,PT,2020,1,12.988104863348221,4.377996192684897
AR,CA,2020,1,12.988104863348221,4.74147612391998
AR,BR,2020,1,12.988104863348221,4.810979329686953
AR,TR,2020,1,12.988104863348221,4.157052862280289
AR,CO,2020,1,12.988104863348221,4.29298521644235
AR,NZ,2020,1,12.988104863348221,4.25635108326257
AR,HU,2020,1,12.988104863348221,3.973631800152918
AR,CZ,2020,1,12.988104863348221,3.236632737064123
AR,PE,2020,1,12.988104863348221,3.1725538803796005
AR,CL,2020,1,12.988104863348221,4.002902182453031
AR,ES,2020,1,12.988104863348221,5.076634875238517
AR,NG,2020,1,12.988104863348221,3.1798799204716737
AR,AU,2020,1,12.988104863348221,4.346673721555855
AR,US,2020,1,12.988104863348221,8.391039913971714
AR,GB,2020,1,12.988104863348221,5.02493797142409
AR,JP,2020,1,12.988104863348221,4.0620173700206115
AR,DO,2020,1,12.988104863348221,3.616485269315561
AR,FR,2020,1,12.988104863348221,4.506005760125111
AR,BE,2020,1,12.988104863348221,2.8848718079278193
AR,CH,2020,1,12.988104863348221,3.4639056817203437
AR,NL,2020,1,12.988104863348221,4.39112548412669
AR,KR,2020,1,12.988104863348221,4.2760561543419024
AR,PH,2020,1,12.988104863348221,3.6443940574326374
AR,UY,2020,1,12.988104863348221,4.624649751495459
AR,MX,2020,1,12.988104863348221,3.1502481228653023
IN,NO,2020,1,15.302235376953732,2.9924439516495895
IN,AR,2020,1,15.302235376953732,2.0995834715838204
IN,PK,2020,1,15.302235376953732,2.5530029728140207
IN,BG,2020,1,15.302235376953732,3.2207465857738264
IN,EE,2020,1,15.302235376953732,1.8959845163425806
IN,IT,2020,1,15.302235376953732,4.129807126054818
IN,PL,2020,1,15.302235376953732,3.1588346863713497
IN,TW,2020,1,15.302235376953732,1.8698392362382585
IN,FI,2020,1,15.302235376953732,2.5826591823969087
IN,CZ,2020,1,15.302235376953732,3.283890481356813
IN,VN,2020,1,15.302235376953732,1.477532212707605
IN,ZA,2020,1,15.302235376953732,3.040823522505924
IN,NL,2020,1,15.302235376953732,4.64242795847804
IN,PT,2020,1,15.302235376953732,2.104832827469964
IN,MX,2020,1,15.302235376953732,2.0943064144829764
IN,ES,2020,1,15.302235376953732,3.944301514518487
IN,AE,2020,1,15.302235376953732,3.3264500957756087
IN,GB,2020,1,15.302235376953732,5.915327406932381
IN,NZ,2020,1,15.302235376953732,2.05105643068916
IN,FR,2020,1,15.302235376953732,4.56410837905248
IN,SA,2020,1,15.302235376953732,2.1306740586538515
IN,SI,2020,1,15.302235376953732,1.7045896633429511
IN,CA,2020,1,15.302235376953732,5.129717171855144
IN,RU,2020,1,15.302235376953732,5.007346972191854
IN,HK,2020,1,15.302235376953732,3.534667996873143
IN,SG,2020,1,15.302235376953732,4.22341956596005
IN,PH,2020,1,15.302235376953732,1.5159984935354012
IN,BY,2020,1,15.302235376953732,2.55966966417221
IN,EG,2020,1,15.302235376953732,1.61473333422109
IN,CH,2020,1,15.302235376953732,3.5930787590295576
IN,US,2020,1,15.302235376953732,8.358440108266858
IN,AU,2020,1,15.302235376953732,4.201790224036668
IN,RS,2020,1,15.302235376953732,1.7045896633429511
IN,HU,2020,1,15.302235376953732,2.039945205264089
IN,IL,2020,1,15.302235376953732,3.9342679855289093
IN,KR,2020,1,15.302235376953732,3.820468601225218
IN,AT,2020,1,15.302235376953732,3.219029847154772
IN,CN,2020,1,15.302235376953732,4.109562106515407
IN,ID,2020,1,15.302235376953732,3.187613650921393
IN,PY,2020,1,15.302235376953732,2.601952385331588
IN,KH,2020,1,15.302235376953732,1.61473333422109
IN,MU,2020,1,15.302235376953732,2.4656875058114043
IN,NG,2020,1,15.302235376953732,2.3619477360513113
IN,TH,2020,1,15.302235376953732,1.5799472181356746
IN,RO,2020,1,15.302235376953732,3.737046051466117
IN,KE,2020,1,15.302235376953732,2.3619477360513113
IN,DK,2020,1,15.302235376953732,2.1706793932675503
IN,UA,2020,1,15.302235376953732,3.191153477626517
IN,LK,2020,1,15.302235376953732,3.0550949166112567
IN,TR,2020,1,15.302235376953732,2.0836680162779206
IN,CO,2020,1,15.302235376953732,1.7123718037850062
IN,BE,2020,1,15.302235376953732,4.9275197585391926
IN,DE,2020,1,15.302235376953732,5.796979190729249
IN,BR,2020,1,15.302235376953732,3.876318354161777
IN,MY,2020,1,15.302235376953732,2.11524958832822
IN,SE,2020,1,15.302235376953732,3.2966906561237748
IN,IE,2020,1,15.302235376953732,2.981609609483879
IN,JP,2020,1,15.302235376953732,3.049003527217855
DK,RU,2020,1,12.92283625004108,4.289090502246394
DK,JP,2020,1,12.92283625004108,3.492564967232613
DK,MD,2020,1,12.92283625004108,2.875645152060552
DK,FI,2020,1,12.92283625004108,4.334900038277688
DK,LV,2020,1,12.92283625004108,2.9964816252038258
DK,IL,2020,1,12.92283625004108,3.2657016348158714
DK,CH,2020,1,12.92283625004108,3.8644698788484755
DK,ZA,2020,1,12.92283625004108,3.689628805763771
DK,GB,2020,1,12.92283625004108,5.8713774256145435
DK,AT,2020,1,12.92283625004108,3.415405886685995
DK,NL,2020,1,12.92283625004108,5.870918604776028
DK,ES,2020,1,12.92283625004108,4.039369192033836
DK,BR,2020,1,12.92283625004108,3.55027328485326
DK,RO,2020,1,12.92283625004108,4.731082680591932
DK,FR,2020,1,12.92283625004108,4.8410237940098
DK,NO,2020,1,12.92283625004108,4.512234053560603
DK,GR,2020,1,12.92283625004108,3.0670991924177793
DK,IN,2020,1,12.92283625004108,3.6003976720358284
DK,CA,2020,1,12.92283625004108,4.207744862792441
DK,UA,2020,1,12.92283625004108,4.039369192033836
DK,IT,2020,1,12.92283625004108,3.857620537002901
DK,LT,2020,1,12.92283625004108,3.7176867585589286
DK,US,2020,1,12.92283625004108,8.210577510954401
DK,SE,2020,1,12.92283625004108,5.532241092980096
DK,CZ,2020,1,12.92283625004108,3.8010683674979795
DK,DE,2020,1,12.92283625004108,6.333321137883178
DK,HR,2020,1,12.92283625004108,2.954981894297073
DK,PT,2020,1,12.92283625004108,4.10855306724594
DK,PL,2020,1,12.92283625004108,4.062033051611047
DK,AR,2020,1,12.92283625004108,4.848706290181816
DK,KR,2020,1,12.92283625004108,3.201577106646333
DK,AU,2020,1,12.92283625004108,3.436570697878038
DK,BE,2020,1,12.92283625004108,4.386832787019331
CZ,EE,2020,1,13.095094950250136,3.236501766047768
CZ,RS,2020,1,13.095094950250136,2.416141561392373
CZ,UA,2020,1,13.095094950250136,4.565738089739337
CZ,CA,2020,1,13.095094950250136,4.731818870654923
CZ,IR,2020,1,13.095094950250136,2.4466782852524545
CZ,TR,2020,1,13.095094950250136,2.3185030918284566
CZ,SE,2020,1,13.095094950250136,2.8241873160940285
CZ,NL,2020,1,13.095094950250136,5.352387131346824
CZ,DK,2020,1,13.095094950250136,3.355421811491227
CZ,ZA,2020,1,13.095094950250136,4.602976434879457
CZ,HU,2020,1,13.095094950250136,3.3584475324077636
CZ,GB,2020,1,13.095094950250136,5.440152371922854
CZ,SK,2020,1,13.095094950250136,4.697574279381191
CZ,IN,2020,1,13.095094950250136,3.6744263550720486
CZ,HR,2020,1,13.095094950250136,3.1435778154309504
CZ,PL,2020,1,13.095094950250136,5.163710582670492
CZ,FI,2020,1,13.095094950250136,3.732196427136462
CZ,US,2020,1,13.095094950250136,8.127723002260979
CZ,CN,2020,1,13.095094950250136,3.5427811623151384
CZ,JP,2020,1,13.095094950250136,2.3926110639821787
CZ,IL,2020,1,13.095094950250136,5.260690324941013
CZ,LV,2020,1,13.095094950250136,2.416141561392373
CZ,AT,2020,1,13.095094950250136,3.55029058433727
CZ,BR,2020,1,13.095094950250136,3.9697881141980575
CZ,DE,2020,1,13.095094950250136,6.938688192804941
CZ,SI,2020,1,13.095094950250136,2.292527605425196
CZ,FR,2020,1,13.095094950250136,5.244784513580645
CZ,BE,2020,1,13.095094950250136,3.2500612958334005
CZ,PT,2020,1,13.095094950250136,2.7211151309542148
CZ,RO,2020,1,13.095094950250136,2.7603358441074963
CZ,AU,2020,1,13.095094950250136,4.104548259793074
CZ,NO,2020,1,13.095094950250136,3.162131223326698
CZ,AR,2020,1,13.095094950250136,2.94082421981979
CZ,ES,2020,1,13.095094950250136,4.118773250724421
CZ,RU,2020,1,13.095094950250136,4.860845103490856
CZ,IT,2020,1,13.095094950250136,3.1803466632180393
CZ,CH,2020,1,13.095094950250136,4.400079106036926
CZ,IE,2020,1,13.095094950250136,3.222755845143133
ID,ZA,2020,1,13.670009528488425,4.757405102760873
ID,AU,2020,1,13.670009528488425,4.493937288429687
ID,NL,2020,1,13.670009528488425,5.222340764467366
ID,CH,2020,1,13.670009528488425,4.003633300384493
ID,RU,2020,1,13.670009528488425,5.755546861065349
ID,ES,2020,1,13.670009528488425,3.995790122923467
ID,MY,2020,1,13.670009528488425,5.00380551623935
ID,UA,2020,1,13.670009528488425,4.746314416066715
ID,GB,2020,1,13.670009528488425,5.8249010042325295
ID,FR,2020,1,13.670009528488425,5.886194696437824
ID,SG,2020,1,13.670009528488425,6.660938302481467
ID,DE,2020,1,13.670009528488425,5.931524943937128
ID,US,2020,1,13.670009528488425,8.01110852098401
ID,IN,2020,1,13.670009528488425,6.307779673945491
ID,HK,2020,1,13.670009528488425,3.7863320246945116
ID,JP,2020,1,13.670009528488425,4.6690559329295835
ID,CN,2020,1,13.670009528488425,4.056877814903305
ES,GR,2020,1,14.205558767393445,2.433647636297174
ES,ZA,2020,1,14.205558767393445,2.2920840719753874
ES,ID,2020,1,14.205558767393445,2.137933392148129
ES,GB,2020,1,14.205558767393445,6.194103288900332
ES,CH,2020,1,14.205558767393445,4.655889976608681
ES,IT,2020,1,14.205558767393445,4.558540440880927
ES,PL,2020,1,14.205558767393445,3.5174846393831296
ES,CN,2020,1,14.205558767393445,2.3193584898950466
ES,CA,2020,1,14.205558767393445,4.7956330725726675
ES,EE,2020,1,14.205558767393445,2.9595588974812057
ES,HU,2020,1,14.205558767393445,2.7729729419007936
ES,LU,2020,1,14.205558767393445,2.6357718203873084
ES,AR,2020,1,14.205558767393445,3.7387319419915217
ES,IN,2020,1,14.205558767393445,4.902763600178851
ES,JP,2020,1,14.205558767393445,2.3717722325790866
ES,VE,2020,1,14.205558767393445,2.3502660273581233
ES,SK,2020,1,14.205558767393445,1.5469157066645636
ES,BA,2020,1,14.205558767393445,1.8394404035921323
ES,PK,2020,1,14.205558767393445,1.8750313486948351
ES,NO,2020,1,14.205558767393445,4.475906386849294
ES,HK,2020,1,14.205558767393445,2.66792893202184
ES,CR,2020,1,14.205558767393445,1.585015552896834
ES,BE,2020,1,14.205558767393445,3.920691900517208
ES,KE,2020,1,14.205558767393445,2.2154916264940034
ES,DK,2020,1,14.205558767393445,2.8523579711553593
ES,FR,2020,1,14.205558767393445,5.5815858427404965
ES,AE,2020,1,14.205558767393445,1.6828713429005924
ES,RS,2020,1,14.205558767393445,2.5576336160781654
ES,US,2020,1,14.205558767393445,8.001702021642116
ES,RU,2020,1,14.205558767393445,4.5245235556026735
ES,MX,2020,1,14.205558767393445,2.392825641776919
ES,CZ,2020,1,14.205558767393445,4.2234051028545565
ES,IL,2020,1,14.205558767393445,3.9278991389221574
ES,BY,2020,1,14.205558767393445,2.0995725242756826
ES,TH,2020,1,14.205558767393445,1.9026193052136642
ES,RO,2020,1,14.205558767393445,2.8680240878997587
ES,CO,2020,1,14.205558767393445,5.581070423091598
ES,NL,2020,1,14.205558767393445,5.438141415519738
ES,NG,2020,1,14.205558767393445,1.9620427256844648
ES,SG,2020,1,14.205558767393445,1.6306855897300223
ES,GI,2020,1,14.205558767393445,1.7405004557372288
ES,IE,2020,1,14.205558767393445,3.060655014352575
ES,BR,2020,1,14.205558767393445,3.8129173824801
ES,AU,2020,1,14.205558767393445,3.6372203606017703
ES,AT,2020,1,14.205558767393445,3.6129178279827383
ES,SE,2020,1,14.205558767393445,4.404947019357307
ES,PT,2020,1,14.205558767393445,2.83644251584946
ES,FI,2020,1,14.205558767393445,3.610454772550341
ES,MZ,2020,1,14.205558767393445,2.5505413877686736
ES,HR,2020,1,14.205558767393445,1.7324682840399648
ES,CU,2020,1,14.205558767393445,2.024174506791471
ES,DE,2020,1,14.205558767393445,6.876957499387954
ES,UA,2020,1,14.205558767393445,3.0390559025491126
ES,NZ,2020,1,14.205558767393445,3.7580665936989774
LK,AU,2020,1,11.883695603281506,6.051532616095388
LK,NO,2020,1,11.883695603281506,6.594198845717038
LK,DE,2020,1,11.883695603281506,6.2182095557418275
LK,GB,2020,1,11.883695603281506,5.442942823563506
LK,RU,2020,1,11.883695603281506,5.903896617289323
LK,US,2020,1,11.883695603281506,8.103013342777581
LK,FR,2020,1,11.883695603281506,5.763850543643608
LK,IN,2020,1,11.883695603281506,6.722374039141036
JP,IL,2020,1,14.729698680904711,2.6378375527640907
JP,AE,2020,1,14.729698680904711,3.1922585238224093
JP,IN,2020,1,14.729698680904711,4.312461445082887
JP,MY,2020,1,14.729698680904711,2.5399333377827196
JP,AT,2020,1,14.729698680904711,2.0846775651715395
JP,IE,2020,1,14.729698680904711,2.5226418406726583
JP,TW,2020,1,14.729698680904711,4.20494110137163
JP,FR,2020,1,14.729698680904711,5.2559517085341065
JP,TH,2020,1,14.729698680904711,2.7078661571245743
JP,DE,2020,1,14.729698680904711,5.58798694853569
JP,SE,2020,1,14.729698680904711,3.296725783503021
JP,VN,2020,1,14.729698680904711,3.7450483466874323
JP,IT,2020,1,14.729698680904711,3.088880169368575
JP,NZ,2020,1,14.729698680904711,3.4550805589547955
JP,UA,2020,1,14.729698680904711,3.7066492137528964
JP,RU,2020,1,14.729698680904711,4.591122366510671
JP,CA,2020,1,14.729698680904711,5.074083563672653
JP,US,2020,1,14.729698680904711,8.092937218511747
JP,CN,2020,1,14.729698680904711,7.309455058735219
JP,NL,2020,1,14.729698680904711,3.7620266832218503
JP,MX,2020,1,14.729698680904711,2.5399333377827196
JP,AU,2020,1,14.729698680904711,4.7016129776995275
JP,GB,2020,1,14.729698680904711,4.806447039015108
JP,SG,2020,1,14.729698680904711,4.732065606215226
JP,CH,2020,1,14.729698680904711,4.300742560969673
JP,HK,2020,1,14.729698680904711,5.057629810393711
JP,ID,2020,1,14.729698680904711,2.211429270810683
JP,NO,2020,1,14.729698680904711,2.7956823631314913
JP,BR,2020,1,14.729698680904711,2.939667771181899
JP,KR,2020,1,14.729698680904711,4.079561718823312
JP,ES,2020,1,14.729698680904711,3.2994031612737373
JP,PL,2020,1,14.729698680904711,3.2273498436336796
JP,PT,2020,1,14.729698680904711,2.5681042147494155
JP,CZ,2020,1,14.729698680904711,2.475013791683404
JP,BE,2020,1,14.729698680904711,3.0241216020204114
BG,CH,2020,1,12.34513869365317,3.8234623965355405
BG,RU,2020,1,12.34513869365317,4.861970761133945
BG,ES,2020,1,12.34513869365317,4.680533768749725
BG,PY,2020,1,12.34513869365317,3.457818782614048
BG,NO,2020,1,12.34513869365317,4.265741477766421
BG,SE,2020,1,12.34513869365317,4.1095807470111385
BG,NL,2020,1,12.34513869365317,5.097427572681512
BG,BE,2020,1,12.34513869365317,4.491291769111196
BG,DK,2020,1,12.34513869365317,4.1599346331567535
BG,FR,2020,1,12.34513869365317,5.1043962419976046
BG,RO,2020,1,12.34513869365317,3.6386377095234677
BG,CN,2020,1,12.34513869365317,4.090622833266525
BG,CA,2020,1,12.34513869365317,4.081007374567083
BG,PL,2020,1,12.34513869365317,4.732224861988904
BG,GB,2020,1,12.34513869365317,6.910519646782894
BG,IT,2020,1,12.34513869365317,4.32423768444803
BG,JP,2020,1,12.34513869365317,4.05159348936079
BG,US,2020,1,12.34513869365317,7.831817786411509
BG,AU,2020,1,12.34513869365317,4.669867000945529
BG,GR,2020,1,12.34513869365317,4.452071055957915
BG,SK,2020,1,12.34513869365317,4.383078184470963
BG,DE,2020,1,12.34513869365317,7.2682778600199525
BG,IN,2020,1,12.34513869365317,4.996331455810143
UY,NL,2020,1,10.915088464214607,4.717258617927335
UY,HU,2020,1,10.915088464214607,5.3740381543164055
UY,ES,2020,1,10.915088464214607,5.3536292826851986
UY,US,2020,1,10.915088464214607,8.331505486777676
UY,UA,2020,1,10.915088464214607,5.748731603757816
UY,CL,2020,1,10.915088464214607,4.650119315089706
UY,GB,2020,1,10.915088464214607,5.476363766279078
UY,DE,2020,1,10.915088464214607,4.873262866403916
UY,AR,2020,1,10.915088464214607,6.96786665582343
UY,EE,2020,1,10.915088464214607,5.118385324436901
TR,SE,2020,1,12.957955606344415,3.9566093429027576
TR,CH,2020,1,12.957955606344415,4.401814779660436
TR,EG,2020,1,12.957955606344415,3.659877434931059
TR,PK,2020,1,12.957955606344415,4.190505685993229
TR,FR,2020,1,12.957955606344415,4.864758917193213
TR,RU,2020,1,12.957955606344415,5.827371478108935
TR,ZA,2020,1,12.957955606344415,3.712987260245007
TR,NL,2020,1,12.957955606344415,5.267495510648173
TR,ES,2020,1,12.957955606344415,4.817330223622102
TR,BR,2020,1,12.957955606344415,3.9010394917479467
TR,CN,2020,1,12.957955606344415,4.642976836477324
TR,DE,2020,1,12.957955606344415,6.336530781972597
TR,IT,2020,1,12.957955606344415,3.8192094735003144
TR,US,2020,1,12.957955606344415,8.209342695707186
TR,AT,2020,1,12.957955606344415,4.315983343810655
TR,CA,2020,1,12.957955606344415,4.464728605071006
TR,GB,2020,1,12.957955606344415,6.207901141509253
TR,IL,2020,1,12.957955606344415,5.693988729111591
TR,IN,2020,1,12.957955606344415,5.0091305243706
TR,UA,2020,1,12.957955606344415,4.034570884372469
TR,BE,2020,1,12.957955606344415,3.7300816936043075
NZ,IN,2020,1,12.533114844493666,3.325832175741518
NZ,IT,2020,1,12.533114844493666,3.8957467158775154
NZ,RU,2020,1,12.533114844493666,4.227524108194521
NZ,AU,2020,1,12.533114844493666,6.308802197681658
NZ,GB,2020,1,12.533114844493666,6.452147659718854
NZ,CA,2020,1,12.533114844493666,4.75120788690388
NZ,FR,2020,1,12.533114844493666,4.821825454117834
NZ,AR,2020,1,12.533114844493666,4.932367328517657
NZ,NL,2020,1,12.533114844493666,4.166899486378085
NZ,BY,2020,1,12.533114844493666,5.372121510104454
NZ,JP,2020,1,12.533114844493666,3.5576337897988424
NZ,US,2020,1,12.533114844493666,8.23784747079379
NZ,CN,2020,1,12.533114844493666,4.621154758655682
NZ,DE,2020,1,12.533114844493666,6.394895722381059
NZ,SE,2020,1,12.533114844493666,4.281900879072592
NZ,PL,2020,1,12.533114844493666,3.5460729673977665
NZ,CH,2020,1,12.533114844493666,3.9280075780957366
NZ,ES,2020,1,12.533114844493666,3.258390894945985
NZ,SG,2020,1,12.533114844493666,3.023551303868585
EC,MX,2020,1,11.391390399244116,5.065132318034207
EC,CH,2020,1,11.391390399244116,5.986452398313364
EC,US,2020,1,11.391390399244116,8.263290811677827
EC,DE,2020,1,11.391390399244116,5.574275855617213
EC,GB,2020,1,11.391390399244116,6.282460913541699
EC,AR,2020,1,11.391390399244116,5.065132318034207
EC,RW,2020,1,11.391390399244116,7.069334025526637
EC,CA,2020,1,11.391390399244116,4.9494479190347445
MY,JP,2020,1,12.032373806027104,4.440058162725949
MY,MM,2020,1,12.032373806027104,4.357820064488976
MY,HK,2020,1,12.032373806027104,5.137581717885693
MY,ES,2020,1,12.032373806027104,5.046193966296264
MY,RU,2020,1,12.032373806027104,5.313331509516413
MY,TW,2020,1,12.032373806027104,4.376688548793359
MY,IN,2020,1,12.032373806027104,5.677669326200714
MY,US,2020,1,12.032373806027104,8.115247846850714
MY,GB,2020,1,12.032373806027104,5.6119426525003835
MY,UA,2020,1,12.032373806027104,4.891245520172208
MY,AU,2020,1,12.032373806027104,5.774597442333943
MY,FR,2020,1,12.032373806027104,5.446862902140936
MY,SG,2020,1,12.032373806027104,5.628115511745985
MY,DE,2020,1,12.032373806027104,5.79063444124376
MY,CN,2020,1,12.032373806027104,5.356348894600104
MY,SE,2020,1,12.032373806027104,5.119960116535873
MY,ID,2020,1,12.032373806027104,4.8968165652216635
MY,KR,2020,1,12.032373806027104,5.397591853134153
UG,GB,2020,1,10.540884151324754,7.996562427641985
UG,US,2020,1,10.540884151324754,7.6066820505505195
UG,NG,2020,1,10.540884151324754,6.813315753833166
UG,KE,2020,1,10.540884151324754,6.18897149319725
UG,RW,2020,1,10.540884151324754,5.796716616825892
MM,IN,2020,1,10.648942512719419,7.040605040493437
MM,US,2020,1,10.648942512719419,8.624555322407389
IT,RS,2020,1,13.712702337982591,2.3928428966382804
IT,FR,2020,1,13.712702337982591,5.593711404752398
IT,NO,2020,1,13.712702337982591,4.00688557545913
IT,IN,2020,1,13.712702337982591,4.569341343457383
IT,GB,2020,1,13.712702337982591,6.291546826435798
IT,IL,2020,1,13.712702337982591,4.858984841840382
IT,BR,2020,1,13.712702337982591,4.3849233498369005
IT,NG,2020,1,13.712702337982591,2.5157410329614347
IT,AT,2020,1,13.712702337982591,3.0101053796733535
IT,JP,2020,1,13.712702337982591,2.7828038182104797
IT,AU,2020,1,13.712702337982591,4.023590595659132
IT,SE,2020,1,13.712702337982591,3.688623250217339
IT,FI,2020,1,13.712702337982591,4.230947541042701
IT,UA,2020,1,13.712702337982591,3.0183698895232465
IT,DK,2020,1,13.712702337982591,2.9279858280549775
IT,ES,2020,1,13.712702337982591,5.297640021352311
IT,PT,2020,1,13.712702337982591,4.430059216144536
IT,TR,2020,1,13.712702337982591,2.216656328411842
IT,RU,2020,1,13.712702337982591,4.6736541900827655
IT,CN,2020,1,13.712702337982591,2.43796333191875
IT,NL,2020,1,13.712702337982591,5.165431618878062
IT,DE,2020,1,13.712702337982591,6.631953581820116
IT,GR,2020,1,13.712702337982591,3.3152686170799517
IT,IE,2020,1,13.712702337982591,3.8224177661166334
IT,PL,2020,1,13.712702337982591,3.548756039143731
IT,US,2020,1,13.712702337982591,8.03643975566483
IT,CL,2020,1,13.712702337982591,3.5607898787074546
IT,CA,2020,1,13.712702337982591,4.192265238611904
IT,ZA,2020,1,13.712702337982591,2.295993070648363
IT,HU,2020,1,13.712702337982591,2.2257888119751144
IT,NZ,2020,1,13.712702337982591,2.9806295615403995
IT,CH,2020,1,13.712702337982591,5.203171946860909
IT,TW,2020,1,13.712702337982591,2.923471147700451
IT,CZ,2020,1,13.712702337982591,5.085909608951255
IT,BE,2020,1,13.712702337982591,4.657006956649609
IT,RO,2020,1,13.712702337982591,3.134780241367658
IT,AR,2020,1,13.712702337982591,2.1792687963402217
IT,HK,2020,1,13.712702337982591,4.259900106155646
IT,HR,2020,1,13.712702337982591,3.0101053796733535
US,AE,2020,1,16.87785668204429,1.7169857031704003
US,GB,2020,1,16.87785668204429,6.536650004513531
US,HK,2020,1,16.87785668204429,4.514170502032785
US,NO,2020,1,16.87785668204429,4.0261454418065314
US,FI,2020,1,16.87785668204429,3.5231527562617275
US,HU,2020,1,16.87785668204429,3.036452205180047
US,AF,2020,1,16.87785668204429,1.9758936258824948
US,AM,2020,1,16.87785668204429,1.347794001849071
US,IN,2020,1,16.87785668204429,6.170442869068476
US,PR,2020,1,16.87785668204429,1.4319386783566244
US,NL,2020,1,16.87785668204429,5.709189421768168
US,FR,2020,1,16.87785668204429,5.52575678623648
US,BG,2020,1,16.87785668204429,2.8958436421814393
US,CO,2020,1,16.87785668204429,3.6098751159083053
US,CN,2020,1,16.87785668204429,6.60122578516093
US,CA,2020,1,16.87785668204429,6.382016599837156
US,BO,2020,1,16.87785668204429,2.7529925176081145
US,MD,2020,1,16.87785668204429,0.9327410925857529
US,JM,2020,1,16.87785668204429,1.695651560695409
US,AU,2020,1,16.87785668204429,5.255839642388824
US,NI,2020,1,16.87785668204429,2.1646438970856994
US,AT,2020,1,16.87785668204429,3.803329490822852
US,IT,2020,1,16.87785668204429,4.415669395925852
US,JP,2020,1,16.87785668204429,5.212373264519803
US,GT,2020,1,16.87785668204429,0.9555992306618033
US,LU,2020,1,16.87785668204429,1.116987577789292
US,SE,2020,1,16.87785668204429,4.595264701994327
US,DK,2020,1,16.87785668204429,3.5492504940918703
US,VN,2020,1,16.87785668204429,3.4026025665648763
US,EC,2020,1,16.87785668204429,2.0371170859706127
US,BD,2020,1,16.87785668204429,3.4305696737906737
US,UA,2020,1,16.87785668204429,4.717587368460762
US,TR,2020,1,16.87785668204429,3.6299426789591145
US,ZA,2020,1,16.87785668204429,3.1910057858991374
US,LV,2020,1,16.87785668204429,1.374160877689813
US,SY,2020,1,16.87785668204429,1.0264735702484602
US,IS,2020,1,16.87785668204429,0.8420445311149409
US,PL,2020,1,16.87785668204429,4.555770954537931
US,TW,2020,1,16.87785668204429,3.4147533843473887
US,IR,2020,1,16.87785668204429,3.2387883933082695
US,GR,2020,1,16.87785668204429,2.9648365136683905
US,JO,2020,1,16.87785668204429,2.5862788584801506
US,MY,2020,1,16.87785668204429,2.2471482241923275
US,PT,2020,1,16.87785668204429,3.1928168337832146
US,SK,2020,1,16.87785668204429,1.5571018213106305
US,BR,2020,1,16.87785668204429,4.543033907538112
US,RO,2020,1,16.87785668204429,3.2838410572492127
US,UY,2020,1,16.87785668204429,2.686204276736528
US,TN,2020,1,16.87785668204429,1.819704209365388
US,HN,2020,1,16.87785668204429,0.6314797620075914
US,ID,2020,1,16.87785668204429,2.6567455695854028
US,BE,2020,1,16.87785668204429,3.388320127279233
US,PK,2020,1,16.87785668204429,2.2362191536601372
US,EG,2020,1,16.87785668204429,1.7143436937075616
US,NP,2020,1,16.87785668204429,1.1593468516284338
US,BA,2020,1,16.87785668204429,1.304902437219758
US,IE,2020,1,16.87785668204429,3.6042951891148305
US,CZ,2020,1,16.87785668204429,4.351320250794907
US,TH,2020,1,16.87785668204429,2.5044831402548167
US,LT,2020,1,16.87785668204429,1.168521227904475
US,CH,2020,1,16.87785668204429,4.919152790464716
US,MX,2020,1,16.87785668204429,3.8811272455425456
US,HR,2020,1,16.87785668204429,1.8820080927015428
US,KH,2020,1,16.87785668204429,0.8420445311149409
US,RU,2020,1,16.87785668204429,5.136397889700247
US,SG,2020,1,16.87785668204429,4.1369433107465365
US,KW,2020,1,16.87785668204429,0.6847242765264037
US,DE,2020,1,16.87785668204429,6.636157411583167
US,EE,2020,1,16.87785668204429,2.0654475925968385
US,BY,2020,1,16.87785668204429,2.8260967759367297
US,ES,2020,1,16.87785668204429,4.869992306608561
US,KE,2020,1,16.87785668204429,2.294162188960504
US,LK,2020,1,16.87785668204429,1.7143436937075616
US,RS,2020,1,16.87785668204429,3.3667600041105894
US,PH,2020,1,16.87785668204429,2.787050112039827
US,UG,2020,1,16.87785668204429,2.779783958363204
US,DO,2020,1,16.87785668204429,2.1797069433967953
US,SI,2020,1,16.87785668204429,1.3362775597875118
US,GH,2020,1,16.87785668204429,1.3362775597875118
US,PE,2020,1,16.87785668204429,2.6422074111393754
US,VE,2020,1,16.87785668204429,1.8524940321883787
US,SV,2020,1,16.87785668204429,0.988935650929395
US,CL,2020,1,16.87785668204429,2.920694620438465
US,AR,2020,1,16.87785668204429,3.5970749411413436
US,KR,2020,1,16.87785668204429,4.495985230632469
US,CR,2020,1,16.87785668204429,2.679172605372847
US,RW,2020,1,16.87785668204429,2.326234908848498
US,NG,2020,1,16.87785668204429,2.5840640181505976
US,IL,2020,1,16.87785668204429,5.196234771755315
US,NZ,2020,1,16.87785668204429,4.156000359701745
US,CU,2020,1,16.87785668204429,1.239035012232133
US,MA,2020,1,16.87785668204429,0.7210919206972783
EE,PL,2020,1,11.450379623793207,4.791048843125096
EE,DE,2020,1,11.450379623793207,6.288864478677394
EE,GB,2020,1,11.450379623793207,6.164622184643676
EE,RU,2020,1,11.450379623793207,6.200939024841668
EE,UA,2020,1,11.450379623793207,4.461295556752628
EE,US,2020,1,11.450379623793207,8.046332439769962
EE,AU,2020,1,11.450379623793207,5.025365695037431
EE,ES,2020,1,11.450379623793207,6.103019132684697
EE,CN,2020,1,11.450379623793207,4.824201050441996
EE,SE,2020,1,11.450379623793207,5.5361913188034215
EE,DK,2020,1,11.450379623793207,4.507105092783922
EE,FI,2020,1,11.450379623793207,5.522768298471281
EE,IN,2020,1,11.450379623793207,4.965851567505023
EE,FR,2020,1,11.450379623793207,4.989162646373471
EE,CA,2020,1,11.450379623793207,5.134718231964794
EE,KG,2020,1,11.450379623793207,4.536518977990215
MK,NL,2020,1,10.291297725405572,5.963040733290228
MK,CN,2020,1,10.291297725405572,6.026666429170439
MK,US,2020,1,10.291297725405572,8.019407877909853
MK,GB,2020,1,10.291297725405572,7.251649833558732
MK,SE,2020,1,10.291297725405572,7.283335652632872
CL,PL,2020,1,12.107902881007929,4.202729491877841
CL,CH,2020,1,12.107902881007929,4.786677380472795
CL,PE,2020,1,12.107902881007929,6.408537812905452
CL,CA,2020,1,12.107902881007929,5.701043183937365
CL,US,2020,1,12.107902881007929,8.169926184257209
CL,NL,2020,1,12.107902881007929,4.083868289001113
CL,BR,2020,1,12.107902881007929,5.627083414822077
CL,JP,2020,1,12.107902881007929,4.4463515745355915
CL,GB,2020,1,12.107902881007929,5.794775661600072
CL,FR,2020,1,12.107902881007929,4.083868289001113
CL,RU,2020,1,12.107902881007929,4.810431466480901
CL,AR,2020,1,12.107902881007929,4.269420866376513
CL,ES,2020,1,12.107902881007929,4.397899191149645
CL,MX,2020,1,12.107902881007929,5.391938675898178
CL,ZA,2020,1,12.107902881007929,5.6874639258109845
CL,DE,2020,1,12.107902881007929,6.1777679138561785
PK,AE,2020,1,12.371531997744764,4.122664800977652
PK,US,2020,1,12.371531997744764,8.465249703600236
PK,SE,2020,1,12.371531997744764,6.380044457203651
PK,FR,2020,1,12.371531997744764,3.9546056911042617
PK,GB,2020,1,12.371531997744764,3.9930719719320575
PK,ZA,2020,1,12.371531997744764,4.331339541171944
PK,AT,2020,1,12.371531997744764,4.256886562977195
PK,UA,2020,1,12.371531997744764,4.202282428942343
PK,IN,2020,1,12.371531997744764,5.533517012879207
PK,JO,2020,1,12.371531997744764,4.408964703202481
PK,TR,2020,1,12.371531997744764,3.568558668853199
PK,DE,2020,1,12.371531997744764,5.9812047514097175
PK,CA,2020,1,12.371531997744764,4.222485136259863
PK,JP,2020,1,12.371531997744764,3.7116595124938723
PK,NO,2020,1,12.371531997744764,3.7761980336314434
PK,NL,2020,1,12.371531997744764,4.261705849413144
SK,NL,2020,1,11.500630186876077,4.582627786598308
SK,PL,2020,1,11.500630186876077,4.352315745805486
SK,EE,2020,1,11.500630186876077,4.345095497831998
SK,AU,2020,1,11.500630186876077,5.246787430285001
SK,UA,2020,1,11.500630186876077,4.553640249725055
SK,NZ,2020,1,11.500630186876077,4.847187441629234
SK,IL,2020,1,11.500630186876077,4.605227618515549
SK,CZ,2020,1,11.500630186876077,7.068010513519795
SK,FR,2020,1,11.500630186876077,4.315681612625705
SK,NO,2020,1,11.500630186876077,4.685699971738122
SK,CA,2020,1,11.500630186876077,5.240887708157812
SK,AT,2020,1,11.500630186876077,4.675337184702576
SK,CH,2020,1,11.500630186876077,4.8984807360167855
SK,GB,2020,1,11.500630186876077,5.958871811864697
SK,US,2020,1,11.500630186876077,7.652141448371047
SK,DE,2020,1,11.500630186876077,7.200232148262254
SK,ES,2020,1,11.500630186876077,5.782592569526705
KR,JP,2020,1,14.547932777124924,6.469743175695375
KR,CN,2020,1,14.547932777124924,6.240151087251563
KR,GB,2020,1,14.547932777124924,5.359022868990101
KR,SE,2020,1,14.547932777124924,4.2214556125861655
KR,US,2020,1,14.547932777124924,8.151552636409873
KR,PL,2020,1,14.547932777124924,4.0339392389151065
KR,IN,2020,1,14.547932777124924,3.779046989286317
KR,IL,2020,1,14.547932777124924,3.677264294976374
KR,UA,2020,1,14.547932777124924,3.871420309417332
KR,ES,2020,1,14.547932777124924,4.157262454947106
KR,FR,2020,1,14.547932777124924,5.157244140173588
KR,HK,2020,1,14.547932777124924,4.635519225949562
KR,CA,2020,1,14.547932777124924,5.610337297271007
KR,DE,2020,1,14.547932777124924,6.050507538776433
KR,CZ,2020,1,14.547932777124924,4.793576160743885
KR,CH,2020,1,14.547932777124924,4.775876583644484
KR,NL,2020,1,14.547932777124924,4.296303503382598
KR,SG,2020,1,14.547932777124924,3.871420309417332
KR,RU,2020,1,14.547932777124924,4.40550279534759
KR,AU,2020,1,14.547932777124924,4.8856914496516906
ZA,TW,2020,1,12.392568809845429,5.340634150097455
ZA,GH,2020,1,12.392568809845429,3.707744576628305
ZA,IT,2020,1,12.392568809845429,6.138230835444319
ZA,CH,2020,1,12.392568809845429,4.497741583178168
ZA,GB,2020,1,12.392568809845429,6.233473220936561
ZA,US,2020,1,12.392568809845429,8.24923463002009
ZA,CA,2020,1,12.392568809845429,5.26320942531774
ZA,IR,2020,1,12.392568809845429,4.6341534386680445
ZA,SD,2020,1,12.392568809845429,3.707744576628305
ZA,AU,2020,1,12.392568809845429,3.804594402618223
ZA,BR,2020,1,12.392568809845429,4.335222653680393
ZA,DE,2020,1,12.392568809845429,5.931909937995711
ZA,RU,2020,1,12.392568809845429,4.62403530850246
ZA,IL,2020,1,12.392568809845429,3.7733418591141183
ZA,NG,2020,1,12.392568809845429,3.5620327654469115
ZA,NL,2020,1,12.392568809845429,5.318875969568738
ZA,RO,2020,1,12.392568809845429,3.804594402618223
ZA,FR,2020,1,12.392568809845429,5.066110162223185
ZA,BE,2020,1,12.392568809845429,4.130016803052851
ZA,IN,2020,1,12.392568809845429,4.462512891294424
NL,CA,2020,1,14.133748993181037,4.4678903883252215
NL,BY,2020,1,14.133748993181037,1.8985963462596742
NL,LV,2020,1,14.133748993181037,2.631810519416505
NL,IS,2020,1,14.133748993181037,2.2278548455571956
NL,JP,2020,1,14.133748993181037,3.6702386733281296
NL,ID,2020,1,14.133748993181037,2.61351732636918
NL,EG,2020,1,14.133748993181037,2.5166675003792625
NL,CN,2020,1,14.133748993181037,3.645332134113774
NL,IR,2020,1,14.133748993181037,4.018104880536396
NL,DK,2020,1,14.133748993181037,3.432280036228779
NL,HR,2020,1,14.133748993181037,1.6895045484011146
NL,AT,2020,1,14.133748993181037,3.5819625201811847
NL,FR,2020,1,14.133748993181037,5.485080834207079
NL,PL,2020,1,14.133748993181037,4.432592606244198
NL,SG,2020,1,14.133748993181037,2.3019628177109173
NL,GR,2020,1,14.133748993181037,3.026136271833963
NL,TW,2020,1,14.133748993181037,2.526785630544847
NL,JO,2020,1,14.133748993181037,2.14289812308123
NL,SI,2020,1,14.133748993181037,3.0542505733148024
NL,US,2020,1,14.133748993181037,8.039307384005122
NL,BD,2020,1,14.133748993181037,1.4931312381515096
NL,FI,2020,1,14.133748993181037,3.4603755296818144
NL,NO,2020,1,14.133748993181037,4.3745532126979
NL,RW,2020,1,14.133748993181037,2.55653989162664
NL,ES,2020,1,14.133748993181037,4.568180266534088
NL,AU,2020,1,14.133748993181037,4.316865838253182
NL,NG,2020,1,14.133748993181037,1.5118233711636622
NL,IL,2020,1,14.133748993181037,3.730422808084615
NL,IT,2020,1,14.133748993181037,4.696031067085986
NL,CH,2020,1,14.133748993181037,3.6987065947051487
NL,TH,2020,1,14.133748993181037,2.743195149677713
NL,HK,2020,1,14.133748993181037,2.1527021231778507
NL,RO,2020,1,14.133748993181037,3.0502823141391815
NL,SK,2020,1,14.133748993181037,1.5481910153345373
NL,AR,2020,1,14.133748993181037,3.615279789047372
NL,LT,2020,1,14.133748993181037,2.318629870196129
NL,IE,2020,1,14.133748993181037,3.9197689798155344
NL,RS,2020,1,14.133748993181037,2.2977522851745737
NL,DE,2020,1,14.133748993181037,6.785155258165913
NL,RU,2020,1,14.133748993181037,5.832762313857706
NL,SE,2020,1,14.133748993181037,4.186610386395463
NL,TR,2020,1,14.133748993181037,2.4680468133731885
NL,NZ,2020,1,14.133748993181037,2.370955689197869
NL,BG,2020,1,14.133748993181037,2.550003920646854
NL,VN,2020,1,14.133748993181037,1.6659740509909207
NL,ZA,2020,1,14.133748993181037,2.811106355293923
NL,BR,2020,1,14.133748993181037,4.573828771667433
NL,UA,2020,1,14.133748993181037,4.183414474439074
NL,CL,2020,1,14.133748993181037,2.254642161520845
NL,GB,2020,1,14.133748993181037,5.989896446521828
NL,HU,2020,1,14.133748993181037,1.7925367742993497
NL,IN,2020,1,14.133748993181037,4.58759835239119
NL,EE,2020,1,14.133748993181037,3.038282170136071
NL,BE,2020,1,14.133748993181037,4.531344506681668
NL,CZ,2020,1,14.133748993181037,3.96776517808379
NL,PT,2020,1,14.133748993181037,2.8211566911474244
LT,IT,2020,1,11.637317722633211,4.375918790076913
LT,NO,2020,1,11.637317722633211,4.2328179464362385
LT,UA,2020,1,11.637317722633211,5.031710184093089
LT,SE,2020,1,11.637317722633211,4.51277797279411
LT,AT,2020,1,11.637317722633211,5.105076408159891
LT,RU,2020,1,11.637317722633211,4.952532154380906
LT,US,2020,1,11.637317722633211,7.83915156265852
LT,GB,2020,1,11.637317722633211,6.078239696657727
LT,PL,2020,1,11.637317722633211,4.348890117688993
LT,DE,2020,1,11.637317722633211,6.630713219234609
LT,DK,2020,1,11.637317722633211,4.118873687087021
LT,NG,2020,1,11.637317722633211,4.161074041577398
LT,IL,2020,1,11.637317722633211,6.884975900097196
LT,TR,2020,1,11.637317722633211,6.849652139266787
LT,FR,2020,1,11.637317722633211,5.031710184093089
RU,JP,2020,1,14.832088156278054,3.74387766519631
RU,AT,2020,1,14.832088156278054,2.744620635526334
RU,ES,2020,1,14.832088156278054,4.105508461453678
RU,SG,2020,1,14.832088156278054,4.325274531999658
RU,FR,2020,1,14.832088156278054,5.384419163446063
RU,FI,2020,1,14.832088156278054,4.9082220299477415
RU,BG,2020,1,14.832088156278054,4.542703782050429
RU,KZ,2020,1,14.832088156278054,2.924632722471626
RU,CA,2020,1,14.832088156278054,4.657872770504357
RU,IN,2020,1,14.832088156278054,4.617221003237897
RU,UA,2020,1,14.832088156278054,5.532021263208319
RU,MX,2020,1,14.832088156278054,3.015730152496328
RU,LV,2020,1,14.832088156278054,2.061800569122238
RU,TH,2020,1,14.832088156278054,2.6388755784294293
RU,CY,2020,1,14.832088156278054,1.9685430756356554
RU,BE,2020,1,14.832088156278054,3.0051199733843124
RU,NG,2020,1,14.832088156278054,2.761773714752583
RU,KR,2020,1,14.832088156278054,2.7549477496821835
RU,PT,2020,1,14.832088156278054,2.115146549827531
RU,SK,2020,1,14.832088156278054,2.611583436141422
RU,IE,2020,1,14.832088156278054,3.649076909753486
RU,CZ,2020,1,14.832088156278054,3.936758982205267
RU,NL,2020,1,14.832088156278054,5.286957993233569
RU,PK,2020,1,14.832088156278054,3.826953494905581
RU,ID,2020,1,14.832088156278054,2.02695383779207
RU,CH,2020,1,14.832088156278054,3.3086753949923837
RU,MD,2020,1,14.832088156278054,1.9144758543653797
RU,SE,2020,1,14.832088156278054,4.361642176170533
RU,LU,2020,1,14.832088156278054,2.4672656772304027
RU,BR,2020,1,14.832088156278054,2.546254088549033
RU,BY,2020,1,14.832088156278054,4.7472222360035845
RU,DK,2020,1,14.832088156278054,2.8863364373943456
RU,US,2020,1,14.832088156278054,8.02984224512204
RU,HU,2020,1,14.832088156278054,3.0545448567118356
RU,DE,2020,1,14.832088156278054,6.5954306107656695
RU,PL,2020,1,14.832088156278054,3.9399052878946317
RU,AU,2020,1,14.832088156278054,4.803082386736976
RU,IT,2020,1,14.832088156278054,4.393412337166876
RU,RO,2020,1,14.832088156278054,3.9799311540704756
RU,UZ,2020,1,14.832088156278054,2.635022009113439
RU,LT,2020,1,14.832088156278054,1.840367882211658
RU,RS,2020,1,14.832088156278054,1.9065076847162028
RU,TR,2020,1,14.832088156278054,2.325218019574388
RU,AZ,2020,1,14.832088156278054,1.814392395808397
RU,AR,2020,1,14.832088156278054,3.0570797123150237
RU,GB,2020,1,14.832088156278054,5.71423627266852
RU,CN,2020,1,14.832088156278054,4.427424772027236
RU,IL,2020,1,14.832088156278054,4.165767652971875
RU,GR,2020,1,14.832088156278054,2.9943960100213367
RU,NO,2020,1,14.832088156278054,2.778637520804588
RU,HK,2020,1,14.832088156278054,4.195399450578246
RU,EE,2020,1,14.832088156278054,3.6448663772171424
RU,TW,2020,1,14.832088156278054,2.9303964271883762
RU,CL,2020,1,14.832088156278054,3.8682911829278064
CA,MX,2020,1,14.866041930886816,1.8687267389989843
CA,BR,2020,1,14.866041930886816,3.2263453001422087
CA,CH,2020,1,14.866041930886816,3.7739410844610823
CA,RS,2020,1,14.866041930886816,1.5265847494148224
CA,DE,2020,1,14.866041930886816,5.830918732107033
CA,CN,2020,1,14.866041930886816,4.469975785074304
CA,GB,2020,1,14.866041930886816,5.521722661553476
CA,CO,2020,1,14.866041930886816,1.7122175675124334
CA,MY,2020,1,14.866041930886816,2.2021656062568686
CA,IS,2020,1,14.866041930886816,1.1505335265129513
CA,TW,2020,1,14.866041930886816,1.8722540795169529
CA,DK,2020,1,14.866041930886816,2.1842851809790202
CA,NZ,2020,1,14.866041930886816,2.447838270631107
CA,IL,2020,1,14.866041930886816,3.322481584908839
CA,LV,2020,1,14.866041930886816,1.2984536565895737
CA,HU,2020,1,14.866041930886816,1.317030042162509
CA,AR,2020,1,14.866041930886816,2.305498751732193
CA,RU,2020,1,14.866041930886816,3.6054042070932595
CA,SG,2020,1,14.866041930886816,2.8774323615389656
CA,FI,2020,1,14.866041930886816,2.386594645390388
CA,KE,2020,1,14.866041930886816,2.4258153585436695
CA,RO,2020,1,14.866041930886816,1.9947209644857629
CA,PL,2020,1,14.866041930886816,3.3653164160625497
CA,ES,2020,1,14.866041930886816,3.3233070079850067
CA,ZA,2020,1,14.866041930886816,2.447838270631107
CA,ID,2020,1,14.866041930886816,1.5064835700937356
CA,US,2020,1,14.866041930886816,8.519275454412394
CA,CZ,2020,1,14.866041930886816,4.024261912613487
CA,KR,2020,1,14.866041930886816,1.9068596086944285
CA,FR,2020,1,14.866041930886816,4.817434073908113
CA,BE,2020,1,14.866041930886816,2.9986459322921384
CA,CL,2020,1,14.866041930886816,0.8961086758176533
CA,PK,2020,1,14.866041930886816,0.8961086758176533
CA,SE,2020,1,14.866041930886816,4.311534568478177
CA,UA,2020,1,14.866041930886816,3.1108324130203644
CA,TR,2020,1,14.866041930886816,2.4094884652562403
CA,IE,2020,1,14.866041930886816,1.6304516128158655
CA,NG,2020,1,14.866041930886816,1.6526254703101877
CA,TH,2020,1,14.866041930886816,1.5608179210570645
CA,IN,2020,1,14.866041930886816,4.4141887225382614
CA,BO,2020,1,14.866041930886816,2.8876888617061547
CA,NO,2020,1,14.866041930886816,2.684748017709464
CA,PT,2020,1,14.866041930886816,1.5215972079037834
CA,IR,2020,1,14.866041930886816,2.287065050043355
CA,LB,2020,1,14.866041930886816,2.983694532439175
CA,AT,2020,1,14.866041930886816,2.8696703562034767
CA,AU,2020,1,14.866041930886816,4.130563450782095
CA,JP,2020,1,14.866041930886816,3.356575796251815
CA,IT,2020,1,14.866041930886816,3.31085354691372
CA,HK,2020,1,14.866041930886816,2.4576905670741183
CA,NL,2020,1,14.866041930886816,4.130195330034334
HR,GB,2020,1,11.56223930152315,6.96134368849448
HR,PL,2020,1,11.56223930152315,4.352657456755521
HR,IT,2020,1,11.56223930152315,4.300013723270099
HR,FI,2020,1,11.56223930152315,5.166432625104081
HR,CH,2020,1,11.56223930152315,5.327055819436957
HR,FR,2020,1,11.56223930152315,5.772568428674396
HR,DE,2020,1,11.56223930152315,7.000830619778789
HR,CA,2020,1,11.56223930152315,5.929077600160948
HR,US,2020,1,11.56223930152315,7.752999772097943
HR,ES,2020,1,11.56223930152315,4.997655293417884
HR,CZ,2020,1,11.56223930152315,5.123873010685285
HR,RS,2020,1,11.56223930152315,4.7552694958812785
HR,IN,2020,1,11.56223930152315,5.242972702226416
HR,NO,2020,1,11.56223930152315,4.984111068310126
HR,NL,2020,1,11.56223930152315,4.805419279566751
HR,GR,2020,1,11.56223930152315,4.684233722764527
BB,CA,2020,1,7.797291273547472,8.194449072631494
BB,GB,2020,1,7.797291273547472,8.035269044399234
FI,ES,2020,1,13.021309131996764,4.452978248586057
FI,FR,2020,1,13.021309131996764,4.490200959076666
FI,UA,2020,1,13.021309131996764,5.010596033858807
FI,BD,2020,1,13.021309131996764,3.0403931922344496
FI,PH,2020,1,13.021309131996764,3.336238575325391
FI,SE,2020,1,13.021309131996764,4.970963807474141
FI,BE,2020,1,13.021309131996764,3.717011070843184
FI,PL,2020,1,13.021309131996764,4.102840204434489
FI,BR,2020,1,13.021309131996764,4.316305342596783
FI,EE,2020,1,13.021309131996764,3.4513079051101787
FI,US,2020,1,13.021309131996764,8.133690710891791
FI,RU,2020,1,13.021309131996764,5.857077234339455
FI,GB,2020,1,13.021309131996764,6.284521249166394
FI,IT,2020,1,13.021309131996764,4.316305342596783
FI,DE,2020,1,13.021309131996764,6.370546419639096
FI,AT,2020,1,13.021309131996764,3.853143245167764
FI,BY,2020,1,13.021309131996764,3.4674807643557797
FI,NL,2020,1,13.021309131996764,4.819781369659958
FI,CA,2020,1,13.021309131996764,4.28846131642561
FI,IE,2020,1,13.021309131996764,3.4458583003426138
FI,AU,2020,1,13.021309131996764,3.3423176214017736
FI,CZ,2020,1,13.021309131996764,4.877554317241784
FI,GR,2020,1,13.021309131996764,3.0238638902832387
FI,IN,2020,1,13.021309131996764,4.845721390668573
FI,NO,2020,1,13.021309131996764,4.855111131018412
FI,IL,2020,1,13.021309131996764,2.9637599662135337
FI,CH,2020,1,13.021309131996764,3.3780357040038527
FI,DK,2020,1,13.021309131996764,3.4886455755478227
FI,HK,2020,1,13.021309131996764,4.739162193416817
FI,BG,2020,1,13.021309131996764,4.281377461537205
FI,SI,2020,1,13.021309131996764,2.9277200297303367
IR,GB,2020,1,11.908582632087308,5.8264534171251245
IR,FR,2020,1,11.908582632087308,6.049596968439334
IR,CA,2020,1,11.908582632087308,5.694525874082576
IR,RO,2020,1,11.908582632087308,5.411108200417253
IR,CH,2020,1,11.908582632087308,4.705112877379459
IR,US,2020,1,11.908582632087308,7.797330188910899
IR,TR,2020,1,11.908582632087308,4.878776371430298
IR,DE,2020,1,11.908582632087308,7.357626067510109
IR,IL,2020,1,11.908582632087308,4.763707041645511
IR,NL,2020,1,11.908582632087308,6.830878490733533
IR,CN,2020,1,11.908582632087308,4.921335985849095
TW,NL,2020,1,13.422869370764023,4.52883639791087
TW,DE,2020,1,13.422869370764023,6.105751118639409
TW,PL,2020,1,13.422869370764023,3.5325029583631777
TW,AU,2020,1,13.422869370764023,4.282345482599668
TW,ES,2020,1,13.422869370764023,4.286274760739558
TW,RU,2020,1,13.422869370764023,4.708590559199578
TW,HK,2020,1,13.422869370764023,5.099381256378482
TW,CH,2020,1,13.422869370764023,4.2214747675126425
TW,FR,2020,1,13.422869370764023,4.824944410676722
TW,SG,2020,1,13.422869370764023,4.497583854406765
TW,JP,2020,1,13.422869370764023,5.532856197890711
TW,CN,2020,1,13.422869370764023,7.191996511953873
TW,VN,2020,1,13.422869370764023,3.820185030814959
TW,MY,2020,1,13.422869370764023,3.3797402038107673
TW,CA,2020,1,13.422869370764023,5.321480784629356
TW,GB,2020,1,13.422869370764023,5.785547605797087
TW,IN,2020,1,13.422869370764023,3.9653670406594568
TW,HU,2020,1,13.422869370764023,4.7238969804822535
TW,US,2020,1,13.422869370764023,8.032312628693443
BA,US,2020,1,10.692694631790944,7.953975708613967
BA,RS,2020,1,10.692694631790944,7.13987591763636
BA,HR,2020,1,10.692694631790944,6.741528277297059
BA,HK,2020,1,10.692694631790944,7.007704144527876
BA,DE,2020,1,10.692694631790944,6.47489961404311
EG,IN,2020,1,12.30579580109059,6.766427303390742
EG,KW,2020,1,12.30579580109059,5.940066846957804
EG,NL,2020,1,12.30579580109059,5.102055672138805
EG,AZ,2020,1,12.30579580109059,4.693645053800884
EG,VN,2020,1,12.30579580109059,5.047661600073006
EG,RU,2020,1,12.30579580109059,5.284377228932759
EG,FR,2020,1,12.30579580109059,5.00968235200779
EG,SA,2020,1,12.30579580109059,4.922084292689804
EG,GB,2020,1,12.30579580109059,5.575729030273503
EG,BE,2020,1,12.30579580109059,7.375999189169466
EG,DE,2020,1,12.30579580109059,5.8184597148630175
EG,AU,2020,1,12.30579580109059,5.479685981253525
EG,US,2020,1,12.30579580109059,7.654254401481559
PE,CZ,2020,1,11.876227401804758,6.1173623416014244
PE,ES,2020,1,11.876227401804758,6.347642898230779
PE,NO,2020,1,11.876227401804758,5.5459694864749824
PE,US,2020,1,11.876227401804758,8.313055290517532
PE,GB,2020,1,11.876227401804758,5.0512732446388755
PE,CO,2020,1,11.876227401804758,5.171719397714742
PE,MX,2020,1,11.876227401804758,5.64349450660886
PE,DE,2020,1,11.876227401804758,4.9765496984429385
PE,BR,2020,1,11.876227401804758,5.475232935383204
PE,IT,2020,1,11.876227401804758,5.864866578274688
PH,IN,2020,1,12.6672089510088,5.674532459356863
PH,FR,2020,1,12.6672089510088,6.21352896008955
PH,SG,2020,1,12.6672089510088,5.33806022273565
PH,NL,2020,1,12.6672089510088,4.744996500732688
PH,CA,2020,1,12.6672089510088,5.645931844523648
PH,GB,2020,1,12.6672089510088,5.4116041260580205
PH,IT,2020,1,12.6672089510088,5.053880780835072
PH,AU,2020,1,12.6672089510088,5.438143681292633
PH,IL,2020,1,12.6672089510088,5.409156144419381
PH,RU,2020,1,12.6672089510088,5.281211358503498
PH,US,2020,1,12.6672089510088,8.094900588007292
PH,CN,2020,1,12.6672089510088,4.353716027616479
PH,DE,2020,1,12.6672089510088,5.871779666367494
PH,JP,2020,1,12.6672089510088,5.524758154129404
PH,ES,2020,1,12.6672089510088,4.923341909147003
PH,TH,2020,1,12.6672089510088,4.796051671532972
PH,AE,2020,1,12.6672089510088,4.116387841310313
RE,FR,2020,1,8.968141414126814,8.515808426862083
RE,US,2020,1,8.968141414126814,7.447567236070272
KE,NG,2020,1,12.113891564984462,6.7537929053834524
KE,UG,2020,1,12.113891564984462,5.298106550839562
KE,US,2020,1,12.113891564984462,8.142528418543872
KE,RW,2020,1,12.113891564984462,5.03992514278448
KE,IN,2020,1,12.113891564984462,5.863692505761489
KE,MZ,2020,1,12.113891564984462,5.569184468239309
KE,ZA,2020,1,12.113891564984462,4.916311186817302
KE,RO,2020,1,12.113891564984462,4.795233255264066
KE,GB,2020,1,12.113891564984462,6.729763480656617
KE,DE,2020,1,12.113891564984462,5.149926037998808
KE,NL,2020,1,12.113891564984462,5.184059044368267
VN,RU,2020,1,13.3522187539419,4.898578414548069
VN,IT,2020,1,13.3522187539419,3.446723858115771
VN,TW,2020,1,13.3522187539419,4.974404197696555
VN,HK,2020,1,13.3522187539419,4.241955164788996
VN,TH,2020,1,13.3522187539419,4.162966753470365
VN,SG,2020,1,13.3522187539419,5.180775009723179
VN,GB,2020,1,13.3522187539419,6.61105467365554
VN,NO,2020,1,13.3522187539419,4.732319716683646
VN,MY,2020,1,13.3522187539419,4.067199848378357
VN,CZ,2020,1,13.3522187539419,4.198845041135267
VN,MX,2020,1,13.3522187539419,3.5445796481195293
VN,JP,2020,1,13.3522187539419,6.509328376153553
VN,DE,2020,1,13.3522187539419,5.448456415468291
VN,HU,2020,1,13.3522187539419,3.830140829002173
VN,US,2020,1,13.3522187539419,7.949643950860429
VN,CA,2020,1,13.3522187539419,5.459755970722224
VN,FR,2020,1,13.3522187539419,6.162222883230972
VN,EE,2020,1,13.3522187539419,4.982485049750493
VN,AU,2020,1,13.3522187539419,4.8093764561786205
VN,CH,2020,1,13.3522187539419,4.858394436729036
VN,SE,2020,1,13.3522187539419,4.443775946634385
VN,IN,2020,1,13.3522187539419,4.545336146783881
GR,ES,2020,1,12.171268962918786,4.70163156283338
GR,AT,2020,1,12.171268962918786,3.5149502556175047
GR,US,2020,1,12.171268962918786,7.870192806384569
GR,CY,2020,1,12.171268962918786,4.370378242087958
GR,DE,2020,1,12.171268962918786,6.854947453033547
GR,GB,2020,1,12.171268962918786,6.387707466812687
GR,SE,2020,1,12.171268962918786,5.508678279023311
GR,CA,2020,1,12.171268962918786,3.6484816482420275
GR,CH,2020,1,12.171268962918786,4.4777610031265525
GR,BE,2020,1,12.171268962918786,4.896471337984738
GR,IT,2020,1,12.171268962918786,5.394778743393325
GR,NL,2020,1,12.171268962918786,6.097329248214326
GR,FI,2020,1,12.171268962918786,4.217576180131994
GR,IL,2020,1,12.171268962918786,4.277090307664402
GR,RU,2020,1,12.171268962918786,5.785602301508542
GR,FR,2020,1,12.171268962918786,5.267869891529296
GR,RO,2020,1,12.171268962918786,4.031473900498133
GR,PL,2020,1,12.171268962918786,3.5149502556175047
GR,IN,2020,1,12.171268962918786,4.760887259042473
GR,EE,2020,1,12.171268962918786,3.8649362114054404
GR,VN,2020,1,12.171268962918786,3.9423942704444443
GR,AU,2020,1,12.171268962918786,5.232601752691838
CR,GB,2020,1,11.093554111687494,5.654678208647733
CR,IT,2020,1,11.093554111687494,5.292625593474883
CR,CA,2020,1,11.093554111687494,6.000371573455981
CR,DE,2020,1,11.093554111687494,5.698090701583046
CR,MX,2020,1,11.093554111687494,5.316839851595477
CR,US,2020,1,11.093554111687494,8.511893498332423
CR,JP,2020,1,11.093554111687494,5.843802512764441
HU,FI,2020,1,12.453580950816942,3.804025062560041
HU,US,2020,1,12.453580950816942,8.274773294380099
HU,PH,2020,1,12.453580950816942,3.5011528246142847
HU,NL,2020,1,12.453580950816942,5.32964430311107
HU,TH,2020,1,12.453580950816942,3.6465186748858103
HU,IT,2020,1,12.453580950816942,4.608794520001789
HU,RO,2020,1,12.453580950816942,3.622708026192092
HU,AU,2020,1,12.453580950816942,5.060370980069359
HU,CA,2020,1,12.453580950816942,4.541405498096812
HU,FR,2020,1,12.453580950816942,4.592939148211995
HU,ES,2020,1,12.453580950816942,4.987692600725231
HU,UA,2020,1,12.453580950816942,3.6640118323333275
HU,LT,2020,1,12.453580950816942,3.211200603627965
HU,IN,2020,1,12.453580950816942,4.919249028895047
HU,GB,2020,1,12.453580950816942,5.72227697114935
HU,AR,2020,1,12.453580950816942,4.5509749491129625
HU,SE,2020,1,12.453580950816942,4.221147255210418
HU,AT,2020,1,12.453580950816942,3.9400658667899893
HU,CH,2020,1,12.453580950816942,5.048860061603218
HU,PL,2020,1,12.453580950816942,4.456140846442124
HU,RU,2020,1,12.453580950816942,4.324850769660615
HU,DE,2020,1,12.453580950816942,6.5543835902294925
HU,NO,2020,1,12.453580950816942,4.469144930865331
MT,BE,2020,1,10.032100620004105,5.3173858318065435
MT,DE,2020,1,10.032100620004105,6.136826737690781
MT,CO,2020,1,10.032100620004105,5.847259650543228
MT,US,2020,1,10.032100620004105,8.158860582218894
MT,IL,2020,1,10.032100620004105,5.460486675447216
MT,EE,2020,1,10.032100620004105,5.244263566977581
MT,MY,2020,1,10.032100620004105,6.917808873144429
MT,RO,2020,1,10.032100620004105,5.7398004982284805
MT,ZA,2020,1,10.032100620004105,5.251136446265343
MT,CA,2020,1,10.032100620004105,5.5807358035987935
GT,US,2020,1,10.838246688693326,8.391495247307274
GT,DE,2020,1,10.838246688693326,6.570695624858056
GT,CO,2020,1,10.838246688693326,6.11713072195548
GT,PT,2020,1,10.838246688693326,6.581684746433651
GT,UA,2020,1,10.838246688693326,6.016589492733603
SV,CA,2020,1,10.292179440058462,6.9947181041696656
SV,US,2020,1,10.292179440058462,8.63371481884531
IS,GB,2020,1,10.322461010669084,6.4464078480421545
IS,US,2020,1,10.322461010669084,8.457530145744514
IS,DE,2020,1,10.322461010669084,7.221048062853283
SA,US,2020,1,11.094040714902595,8.335359080067203
SA,IN,2020,1,11.094040714902595,6.9430730892790455
SA,EG,2020,1,11.094040714902595,7.315962026952597
CO,BR,2020,1,13.279538051776328,4.734866168079015
CO,CA,2020,1,13.279538051776328,5.583461887181819
CO,DE,2020,1,13.279538051776328,5.974557055007031
CO,AR,2020,1,13.279538051776328,5.850007758698336
CO,UA,2020,1,13.279538051776328,4.986685519369892
CO,GB,2020,1,13.279538051776328,6.094676540324434
CO,PE,2020,1,13.279538051776328,4.311051921302655
CO,ES,2020,1,13.279538051776328,6.2939672663515225
CO,MX,2020,1,13.279538051776328,5.954622840106214
CO,EC,2020,1,13.279538051776328,4.739401323244406
CO,IN,2020,1,13.279538051776328,4.351873915822909
CO,US,2020,1,13.279538051776328,8.244102293922875
PA,CR,2020,1,9.493713172839865,6.172112856372833
PA,US,2020,1,9.493713172839865,8.326777819290257
PA,IL,2020,1,9.493713172839865,6.2833384914830575
PA,DE,2020,1,9.493713172839865,7.353027740681917
KZ,JP,2020,1,11.316630736538652,5.518675569084316
KZ,UZ,2020,1,11.316630736538652,5.785879110192557
KZ,DE,2020,1,11.316630736538652,5.629426933377019
KZ,US,2020,1,11.316630736538652,7.32089069741671
KZ,RU,2020,1,11.316630736538652,7.951181942478785
KZ,BY,2020,1,11.316630736538652,5.596637110554028
KZ,CA,2020,1,11.316630736538652,5.944943804822244
KZ,NL,2020,1,11.316630736538652,6.749316620492413
AE,GB,2020,1,11.189395119623798,5.419151859084932
AE,CZ,2020,1,11.189395119623798,4.9150716234584735
AE,NG,2020,1,11.189395119623798,5.31773168063903
AE,ES,2020,1,11.189395119623798,6.1274126774549265
AE,RU,2020,1,11.189395119623798,6.00806591982236
AE,PL,2020,1,11.189395119623798,5.241893604247525
AE,HR,2020,1,11.189395119623798,4.906632754812609
AE,US,2020,1,11.189395119623798,8.131254750637765
AE,CA,2020,1,11.189395119623798,4.964261867649245
AE,FR,2020,1,11.189395119623798,4.799387224459012
AE,RO,2020,1,11.189395119623798,4.818079357471164
AE,PT,2020,1,11.189395119623798,5.38297220250743
AE,IN,2020,1,11.189395119623798,6.463884914076139
AE,DE,2020,1,11.189395119623798,5.7269351108578
PS,US,2020,1,10.226005739823366,6.6219829449581376
PS,IL,2020,1,10.226005739823366,7.024562048177167
PS,JO,2020,1,10.226005739823366,6.070975531559315
PS,SA,2020,1,10.226005739823366,5.828903970359586
PS,GB,2020,1,10.226005739823366,8.004668496676036
PS,IN,2020,1,10.226005739823366,6.971136881503586
TH,KH,2020,1,12.760805100810341,4.753462219881665
TH,US,2020,1,12.760805100810341,7.9739209497103705
TH,IN,2020,1,12.760805100810341,5.072815636171097
TH,LK,2020,1,12.760805100810341,3.784661542735546
TH,IT,2020,1,12.760805100810341,4.1149032296061225
TH,BY,2020,1,12.760805100810341,4.163693393775555
TH,SG,2020,1,12.760805100810341,3.876011321323774
TH,VE,2020,1,12.760805100810341,4.832743022756439
TH,JP,2020,1,12.760805100810341,5.289704656631779
TH,DE,2020,1,12.760805100810341,6.145515543853567
TH,HK,2020,1,12.760805100810341,3.907263864827878
TH,MG,2020,1,12.760805100810341,4.145674888272876
TH,GB,2020,1,12.760805100810341,5.1731274573689445
TH,UA,2020,1,12.760805100810341,5.557400687284571
TH,NL,2020,1,12.760805100810341,5.638238442986811
TH,CA,2020,1,12.760805100810341,4.634440793974135
TH,RU,2020,1,12.760805100810341,6.032744537305256
TH,ES,2020,1,12.760805100810341,5.075210846897052
TH,NZ,2020,1,12.760805100810341,4.674519017541545
TH,SE,2020,1,12.760805100810341,4.023336036080632
TH,FR,2020,1,12.760805100810341,4.750156431747166
TH,AU,2020,1,12.760805100810341,5.250329491396949
TH,EE,2020,1,12.760805100810341,4.023336036080632
TH,NO,2020,1,12.760805100810341,4.0503647084685515
TH,SI,2020,1,12.760805100810341,4.865729521752746
TH,VN,2020,1,12.760805100810341,5.244287176940986
TH,CN,2020,1,12.760805100810341,4.695721225192148
AZ,RU,2020,1,10.354881592532692,7.167486695040823
AZ,US,2020,1,10.354881592532692,8.596407872622478
CY,CH,2020,1,9.845540592581278,5.752689396013961
CY,FR,2020,1,9.845540592581278,5.294661957814942
CY,DE,2020,1,9.845540592581278,6.3174554099257
CY,NL,2020,1,9.845540592581278,5.690557614906956
CY,CA,2020,1,9.845540592581278,6.025196670446507
CY,PT,2020,1,9.845540592581278,5.275430595887054
CY,US,2020,1,9.845540592581278,7.63555159349049
CY,RU,2020,1,9.845540592581278,7.413781983312954
CY,GB,2020,1,9.845540592581278,6.913578614203586
LU,US,2020,1,10.412200947115844,6.699544888442865
LU,IT,2020,1,10.412200947115844,4.92575766161924
LU,DE,2020,1,10.412200947115844,6.635351730803805
LU,GB,2020,1,10.412200947115844,6.086041770942845
LU,NL,2020,1,10.412200947115844,5.510145852562248
LU,NZ,2020,1,10.412200947115844,4.67553315170236
LU,FR,2020,1,10.412200947115844,7.1878387756784745
LU,CH,2020,1,10.412200947115844,7.405562259523345
LU,PL,2020,1,10.412200947115844,5.65267915929779
LU,RU,2020,1,10.412200947115844,5.281668955272675
LU,BE,2020,1,10.412200947115844,6.624240505378735
VE,CA,2020,1,11.229952288246182,5.94502335198042
VE,US,2020,1,11.229952288246182,6.814818934253924
VE,SV,2020,1,11.229952288246182,5.053234168148082
VE,BR,2020,1,11.229952288246182,4.864522813255356
VE,UA,2020,1,11.229952288246182,4.856800767161446
VE,CO,2020,1,11.229952288246182,6.926505133563424
VE,CR,2020,1,11.229952288246182,5.659948842935719
VE,AR,2020,1,11.229952288246182,7.297461177067572
VE,ES,2020,1,11.229952288246182,6.112880488282808
VE,FR,2020,1,11.229952288246182,5.7808135451295115
VE,MX,2020,1,11.229952288246182,6.522018020643236
VE,IN,2020,1,11.229952288246182,4.733186811194269
VE,CL,2020,1,11.229952288246182,6.475498005008343
MX,PE,2020,1,13.25813650546133,4.511451754319946
MX,DK,2020,1,13.25813650546133,3.6226316837911816
MX,NL,2020,1,13.25813650546133,4.158936392858157
MX,VE,2020,1,13.25813650546133,3.660610931856398
MX,PL,2020,1,13.25813650546133,4.27630005337734
MX,NG,2020,1,13.25813650546133,3.9263140975894038
MX,CO,2020,1,13.25813650546133,5.219082400698471
MX,GB,2020,1,13.25813650546133,5.045351291109554
MX,ES,2020,1,13.25813650546133,6.028122669416136
MX,CR,2020,1,13.25813650546133,4.617077486794073
MX,EC,2020,1,13.25813650546133,3.204179380156206
MX,IT,2020,1,13.25813650546133,3.3498911913375995
MX,AU,2020,1,13.25813650546133,3.9728341132242964
MX,FR,2020,1,13.25813650546133,4.262786334210617
MX,DO,2020,1,13.25813650546133,3.242645660984002
MX,IL,2020,1,13.25813650546133,3.703170546275194
MX,IN,2020,1,13.25813650546133,4.908927472394631
MX,US,2020,1,13.25813650546133,8.36514855555302
MX,BR,2020,1,13.25813650546133,4.231695747140585
MX,UG,2020,1,13.25813650546133,4.387349056852379
MX,AR,2020,1,13.25813650546133,4.170193547382792
MX,CA,2020,1,13.25813650546133,5.514577012887045
MX,DE,2020,1,13.25813650546133,5.283620921836042
MX,UA,2020,1,13.25813650546133,4.147551070633032
MX,RU,2020,1,13.25813650546133,3.407520304174236
MX,JP,2020,1,13.25813650546133,3.5628131885802716
MX,CU,2020,1,13.25813650546133,3.6030870877182113
BY,BG,2020,1,12.999255188252393,3.9602813365084995
BY,KZ,2020,1,12.999255188252393,3.6086505394564448
BY,CZ,2020,1,12.999255188252393,4.68821463315386
BY,US,2020,1,12.999255188252393,7.834519765187226
BY,DE,2020,1,12.999255188252393,5.449499618881023
BY,RU,2020,1,12.999255188252393,7.14878918228233
BY,AU,2020,1,12.999255188252393,3.258245208531308
BY,NL,2020,1,12.999255188252393,5.625647801601825
BY,HK,2020,1,12.999255188252393,5.534596323069284
BY,UA,2020,1,12.999255188252393,5.1977573831069614
BY,UG,2020,1,12.999255188252393,3.8627563163746217
BY,ZA,2020,1,12.999255188252393,4.926625656598858
BY,IT,2020,1,12.999255188252393,3.905722352258065
BY,GB,2020,1,12.999255188252393,4.83501233867586
BY,CA,2020,1,12.999255188252393,4.329706508133467
BY,LU,2020,1,12.999255188252393,6.207372428821204
BY,NO,2020,1,12.999255188252393,5.485760328335441
BY,BE,2020,1,12.999255188252393,3.318869830347743
BY,FR,2020,1,12.999255188252393,3.781493352295856
BY,PL,2020,1,12.999255188252393,5.270764437718297
BY,IL,2020,1,12.999255188252393,5.106418767039455
BY,FI,2020,1,12.999255188252393,3.6334965380429756
BY,IN,2020,1,12.999255188252393,4.108090840997311
BY,JP,2020,1,12.999255188252393,3.6149201524700403
NP,FR,2020,1,11.674865727072316,5.263644850179887
NP,NZ,2020,1,11.674865727072316,4.619768718626725
NP,DE,2020,1,11.674865727072316,8.190384252246927
NP,US,2020,1,11.674865727072316,7.751912847670592
NP,IN,2020,1,11.674865727072316,6.177913336673274
MA,ES,2020,1,11.506706165156311,5.590191310923112
MA,US,2020,1,11.506706165156311,8.347866749312175
MA,FR,2020,1,11.506706165156311,7.072592982220346
MA,DE,2020,1,11.506706165156311,6.947562632573753
TN,BE,2020,1,11.688289541196685,5.675297969676441
TN,FR,2020,1,11.688289541196685,8.32915211673314
TN,US,2020,1,11.688289541196685,7.1308750153558815
TN,DE,2020,1,11.688289541196685,6.931780719274341
CU,MX,2020,1,9.585002570929301,6.598631373678829
CU,ES,2020,1,9.585002570929301,6.972745951902918
CU,US,2020,1,9.585002570929301,8.498525285447435
KH,TH,2020,1,10.225897085506967,6.384893620651496
KH,GB,2020,1,10.225897085506967,6.104591655497338
KH,DE,2020,1,10.225897085506967,6.020250507063587
KH,AU,2020,1,10.225897085506967,6.147763827362547
KH,US,2020,1,10.225897085506967,8.185869744984476
KH,FR,2020,1,10.225897085506967,6.254531802788253
KH,CN,2020,1,10.225897085506967,6.519812938550867
DO,DE,2020,1,10.849220575010241,5.377754083745767
DO,GB,2020,1,10.849220575010241,5.8488632962992515
DO,ES,2020,1,10.849220575010241,5.620179564609426
DO,CA,2020,1,10.849220575010241,5.548206064984337
DO,US,2020,1,10.849220575010241,8.594858428965585
DO,CU,2020,1,10.849220575010241,5.34171414726257
GE,US,2020,1,10.447032028864845,8.165169783853848
GE,RU,2020,1,10.447032028864845,7.677752250985872
GE,IT,2020,1,10.447032028864845,6.651042051224072
GE,DE,2020,1,10.447032028864845,5.557203041308621
LB,US,2020,1,10.109077944602749,8.533261114575582
LB,FR,2020,1,10.109077944602749,7.394970342089296
BH,NL,2020,1,8.446556111816797,8.392717882353116
BH,IN,2020,1,8.446556111816797,7.738036982620967
JO,GB,2020,1,10.782117953227607,6.98257571734394
JO,KW,2020,1,10.782117953227607,6.374693188438682
JO,US,2020,1,10.782117953227607,8.315093681683027
JO,KE,2020,1,10.782117953227607,6.866100726347572
AM,RU,2020,1,10.89040448795058,6.378596151658159
AM,CA,2020,1,10.89040448795058,6.198902717270474
AM,AE,2020,1,10.89040448795058,6.606989058858512
AM,GB,2020,1,10.89040448795058,6.810036746169584
AM,US,2020,1,10.89040448795058,8.28911284074044
RW,NG,2020,1,10.458779721372386,8.74867899500504
RW,US,2020,1,10.458779721372386,5.263926626310617
RW,UG,2020,1,10.458779721372386,5.362086390782861
UZ,RU,2020,1,10.416281238396817,8.373886705292545
UZ,US,2020,1,10.416281238396817,7.773309559726056
GP,US,2020,1,7.7284157798410416,8.423404654979329
GP,FR,2020,1,7.7284157798410416,7.676190253149107
LV,DE,2020,1,11.168094390398915,6.308079974152855
LV,IE,2020,1,11.168094390398915,5.389302709708694
LV,TR,2020,1,11.168094390398915,5.868085119836485
LV,CZ,2020,1,11.168094390398915,5.694465947115293
LV,GB,2020,1,11.168094390398915,6.0614847618035945
LV,NL,2020,1,11.168094390398915,7.0192752245845025
LV,UA,2020,1,11.168094390398915,5.691403157584747
LV,RU,2020,1,11.168094390398915,6.808253033802638
LV,EE,2020,1,11.168094390398915,4.979679591451866
LV,US,2020,1,11.168094390398915,7.298998883437077
LV,IN,2020,1,11.168094390398915,6.044390328444295
LV,FI,2020,1,11.168094390398915,6.2052915708812835
MU,FR,2020,1,9.152923101106232,7.5767999044777845
MU,US,2020,1,9.152923101106232,7.617127949864757
MU,GB,2020,1,9.152923101106232,7.909738568517687
MD,RO,2020,1,10.726763468242096,5.5323908424864685
MD,GB,2020,1,10.726763468242096,7.466672953546663
MD,DE,2020,1,10.726763468242096,5.3963790848036135
MD,SE,2020,1,10.726763468242096,5.033059598146213
MD,NL,2020,1,10.726763468242096,6.845243972226308
MD,US,2020,1,10.726763468242096,8.021623382221591
MD,RU,2020,1,10.726763468242096,5.851369921660164
DZ,HU,2020,1,10.658928549267461,5.925468815600539
DZ,FR,2020,1,10.658928549267461,5.969640033913676
DZ,US,2020,1,10.658928549267461,8.393021450695388
DZ,SA,2020,1,10.658928549267461,6.900636913177527
DZ,DE,2020,1,10.658928549267461,6.280206400199045
KW,US,2020,1,9.165552189186048,8.45520220567018
KW,EG,2020,1,9.165552189186048,7.605545853623683
MO,CN,2020,1,8.920923462230686,8.050883702590518
MO,HK,2020,1,8.920923462230686,8.180936830838716
BO,DE,2020,1,10.564963451139608,7.044327068024572
BO,ES,2020,1,10.564963451139608,7.127977097311496
BO,US,2020,1,10.564963451139608,8.092469931003528
BO,CA,2020,1,10.564963451139608,6.953035647815164
TZ,US,2020,1,9.76921302671366,6.940020112141887
TZ,IN,2020,1,9.76921302671366,6.696544132194603
TZ,KE,2020,1,9.76921302671366,8.351420394392854
TZ,CH,2020,1,9.76921302671366,6.446001606692278
HN,MX,2020,1,10.196977725270886,7.919802862566394
HN,US,2020,1,10.196977725270886,8.283377028965397
KG,US,2020,1,10.605767898477295,7.715271603191578
KG,RU,2020,1,10.605767898477295,7.65235777778101
KG,LT,2020,1,10.605767898477295,7.766768128958754
PY,US,2020,1,9.682466746602897,8.498352140264767
PY,GB,2020,1,9.682466746602897,7.496701559439456
BD,NZ,2020,1,12.595482894676806,5.089423368633183
BD,US,2020,1,12.595482894676806,7.602767953741717
BD,DE,2020,1,12.595482894676806,5.782570549193128
BD,UA,2020,1,12.595482894676806,5.468912990338087
BD,KE,2020,1,12.595482894676806,6.749481271913791
BD,GB,2020,1,12.595482894676806,5.77775126275718
BD,IN,2020,1,12.595482894676806,7.255174919606947
BD,FR,2020,1,12.595482894676806,7.236253932217996
GH,NG,2020,1,10.685194910075554,8.051888727800742
GH,US,2020,1,10.685194910075554,8.180053536092096
MG,US,2020,1,9.472704636443673,8.265616284709246
MG,FR,2020,1,9.472704636443673,7.9448101648324325
TT,US,2020,1,8.818038250394299,8.422067935090407
TT,GB,2020,1,8.818038250394299,7.6790063631487495
AL,RS,2020,1,10.131459428706979,7.5555783612922465
AL,DE,2020,1,10.131459428706979,6.89859645720037
AL,FR,2020,1,10.131459428706979,6.842401898856728
AL,US,2020,1,10.131459428706979,7.63190967948565
AL,NZ,2020,1,10.131459428706979,6.693056610304408
ME,US,2020,1,9.041211408968211,8.692377559130357
ME,RU,2020,1,9.041211408968211,6.621985852970438
